time,0.3_0.7,0.8_0.7,0.1_0.9,1.0_0.2,0.6_0.5,0.6_0.3,0.3_1.0,0.4_0.6,0.1_0.3,0.2_0.9,0.1_0.8,0.7_1.0,0.7_0.1,0.8_0.9,0.8_0.1,0.4_0.3,0.2_0.1,0.4_0.1,0.3_0.2,0.7_0.6,0.3_0.4,0.3_0.5,0.3_0.1,1.0_0.9,0.2_0.6,0.4_0.8,1.0_0.4,0.1_1.0,0.9_0.1,0.7_0.7,0.5_0.6,1.0_0.5,0.5_0.8,1.0_0.1,0.2_0.7,0.2_0.2,1.0_0.6,0.8_0.3,0.9_0.9,0.8_0.2,0.6_0.1,0.4_0.2,0.3_0.8,0.9_0.8,0.7_0.3,0.9_0.2,0.6_0.8,0.9_0.5,0.1_0.4,0.5_1.0,0.6_1.0,0.1_0.2,0.2_1.0,0.9_0.7,0.8_0.6,1.0_1.0,0.7_0.4,0.1_0.5,0.5_0.4,0.9_0.3,0.1_0.7,0.2_0.8,1.0_0.8,0.4_0.9,0.4_0.7,0.6_0.6,0.9_0.4,0.7_0.9,0.3_0.9,0.5_0.2,0.8_0.5,0.7_0.8,0.6_0.2,0.4_0.5,0.9_1.0,0.1_0.6,0.4_0.4,0.7_0.5,0.2_0.4,0.6_0.7,0.3_0.6,0.5_0.9,0.1_0.1,0.5_0.3,0.8_0.8,0.2_0.3,1.0_0.3,0.5_0.7,0.7_0.2,0.5_0.1,1.0_0.7,0.9_0.6,0.8_1.0,0.2_0.5,0.4_1.0,0.5_0.5,0.3_0.3,0.6_0.4,0.6_0.9,0.8_0.4
00:00:00,247608.7,243889.6,224671.7,276916.7,272746.2,252236.5,252812.1,235641.5,212861.6,232130.9,217069.4,254038.0,240665.1,258412.4,251358.6,243081.2,230490.5,245300.6,248626.9,245139.4,258338.1,246162.6,240481.9,272738.7,237227.0,251999.5,261116.9,221136.7,257668.9,248612.0,232831.5,267690.8,254474.3,264510.7,236571.1,235418.1,255383.8,245752.4,268499.7,278850.6,263839.0,249778.0,246937.6,264326.4,239856.7,254574.7,260136.6,267153.3,213124.0,250743.5,259938.4,213903.9,238000.8,269027.0,285128.7,282482.1,243508.1,213157.1,254442.6,258433.6,223592.1,232232.8,268090.2,257234.0,245195.5,256699.8,253854.2,248474.0,247832.9,232802.4,253123.2,252865.1,262216.3,242636.5,265403.7,214277.0,227714.0,243775.0,236263.6,244968.5,249725.8,244837.6,224541.7,241140.5,281979.3,233730.8,271701.9,244326.5,260405.5,241950.2,265571.6,257344.7,256521.9,233866.9,248175.4,250114.8,256651.4,247918.6,253005.0,271421.4
00:15:00,258650.7,254119.0,224936.2,280914.1,238418.5,250569.1,245567.1,256157.2,220674.0,250543.9,224108.8,222855.0,237924.7,244604.2,240922.4,258267.8,242254.1,249137.4,269017.8,238474.4,252916.7,248540.5,243626.7,257527.8,252664.8,252461.3,259847.5,228469.0,236693.3,264876.7,230357.8,257258.1,238811.2,246398.4,253989.6,250031.3,261625.7,246251.8,251840.2,270061.5,245444.5,260324.0,255457.7,241413.6,243269.5,281986.5,240207.2,260268.7,234540.6,250882.8,235510.0,229156.4,241601.1,276979.8,247158.1,269832.5,235988.9,230640.4,241341.7,248586.5,227029.6,246057.1,265230.2,249057.0,243644.6,239995.3,262796.3,254114.7,260187.1,251657.0,250625.2,243901.3,268693.9,245123.6,248301.4,236679.7,252022.9,250115.7,255296.2,248310.8,255072.1,231038.0,222120.2,246811.1,266548.9,243658.4,248941.6,227006.6,260692.5,226105.2,270996.7,237079.2,274621.7,248734.8,251412.0,236895.2,255869.4,244467.2,233254.8,248014.9
00:30:00,220050.4,226060.1,217802.0,241731.2,215389.1,227423.8,221943.6,210585.0,213495.8,223400.4,228329.8,203675.0,215578.6,195415.2,208806.2,217182.9,225442.2,205889.0,224799.1,223693.3,222347.6,216658.9,225340.5,221753.6,216533.2,204879.9,239091.2,227416.5,210686.7,244303.6,218861.7,271257.2,203662.8,223185.6,211376.8,229442.5,221021.8,226927.0,217878.3,202537.6,203588.9,217538.2,223405.4,208662.0,234982.3,212143.7,191386.7,228756.6,208659.5,226088.7,208604.8,210117.7,211039.6,205604.2,217222.9,219747.8,232662.3,207253.3,216539.1,207430.1,215038.3,224341.0,231655.4,214160.8,203152.3,202865.6,227159.8,212497.2,223195.1,215220.7,226295.7,225166.1,225159.6,230314.1,214286.7,214235.6,217694.2,231657.1,212986.9,224808.1,214422.7,225348.7,210186.4,217535.6,197368.1,227933.1,224052.3,223236.8,226479.3,198671.9,210970.6,212807.5,217057.7,212091.7,219200.2,218582.2,215720.2,213303.2,217471.1,207004.8
00:45:00,211405.5,226673.8,198229.9,211145.6,208090.0,219383.3,208088.3,211919.5,223540.5,210417.2,201050.7,203395.2,222784.6,190737.3,213170.7,221980.5,229853.6,218684.8,234405.5,212122.6,222416.8,221057.3,221589.3,205865.4,214116.9,210808.8,216271.5,208981.3,237807.2,210614.9,203924.6,217637.4,203214.9,222902.3,212188.3,228031.5,242440.7,218066.7,226787.7,227040.0,218310.6,218147.3,211450.9,215535.8,203140.4,224963.0,201904.4,219212.7,213621.2,212188.3,214890.6,214131.6,196470.2,212424.5,203770.2,228469.5,226334.3,204188.8,226899.4,225326.9,210177.7,210972.1,232414.7,206338.9,211500.8,213516.9,239789.2,208888.1,200499.8,220007.3,230088.2,208424.0,217018.3,227832.6,228579.5,206007.7,233555.7,215741.6,215924.4,225371.0,216279.4,235789.9,219224.2,228184.6,202895.3,218605.6,213653.1,219947.7,213984.5,231086.1,236147.0,242919.2,209234.2,206385.2,202465.3,213162.8,225841.4,214799.8,215725.1,227999.4
01:00:00,177214.3,173886.9,173186.4,177725.2,177846.0,177296.4,172622.4,187724.1,183967.5,174089.6,172323.4,184194.0,189928.9,180254.7,185199.6,186482.7,180101.1,171416.7,175311.0,180540.9,176988.8,181267.4,185390.0,171384.6,172239.4,189757.8,173626.8,178296.9,193156.0,180700.4,190838.2,174796.7,186135.0,173917.2,181740.2,183237.2,186197.7,183099.7,180975.4,172872.2,182710.6,174947.8,178005.1,186908.6,190038.3,190445.9,187181.6,173436.6,183101.9,175370.8,175302.2,183545.1,179631.4,175938.7,165079.4,172704.3,184442.2,184889.0,183321.0,182583.0,171588.5,177204.9,173347.9,182164.3,186467.9,184290.5,176739.9,192551.3,180257.5,189253.8,181077.3,184033.4,174322.4,184457.2,169894.5,167401.7,171430.6,178317.6,176785.0,177661.7,176982.4,189696.5,177651.8,168388.7,173736.7,171386.8,180437.0,180760.3,183505.5,185342.8,179781.0,181883.5,165652.0,176309.7,191289.7,178109.0,176242.2,172311.7,182480.0,179360.4
01:15:00,166437.0,171898.5,171959.8,159557.0,160195.4,168776.7,160621.2,177827.4,175480.7,172395.8,167167.2,171264.1,158954.4,176283.3,163722.5,163690.4,167018.5,160038.2,170156.6,162883.4,166679.4,164615.3,167481.5,158493.7,161913.0,169329.6,166812.6,171786.9,180203.9,168495.6,174829.5,171229.2,169765.9,166858.2,162828.3,170156.6,165280.7,170465.4,161330.0,160885.9,170798.7,164044.5,167158.5,167831.4,168288.9,157591.7,174234.2,168998.9,177286.6,180729.1,176880.4,171537.0,165937.3,152769.8,155870.0,178337.7,155313.2,171192.1,167542.5,166923.6,170610.6,162365.4,172015.4,172323.6,170172.7,184373.9,162605.0,154457.4,167618.2,176817.2,153638.9,158051.4,163632.4,165429.8,160165.8,162828.3,168093.4,150493.7,166694.4,179038.6,173966.2,164085.0,174148.5,164044.5,153433.3,164044.5,164754.4,187824.9,153987.1,180334.4,155972.5,164336.4,153572.1,167742.8,165133.1,166940.3,164049.4,164611.8,173771.0,151899.7
01:30:00,159059.9,155921.7,155915.1,154924.6,160775.4,165144.6,154517.1,159910.3,160318.4,154135.5,166062.6,168692.8,158615.2,146452.6,149476.7,168291.4,159950.6,164834.1,156397.3,153818.8,160735.2,159976.9,159950.6,162490.8,155673.2,148276.3,153765.8,162047.3,157499.0,159551.4,160356.5,141937.5,153587.3,161985.8,162088.7,156398.4,158600.8,171042.8,151505.0,157945.7,170913.9,163765.3,155754.2,166202.9,162494.9,165702.8,171469.5,143392.0,163890.5,151324.3,169437.5,159441.4,161134.6,157727.6,157073.5,156802.2,155993.5,162523.4,156829.8,166256.5,161346.2,162440.2,156492.2,161057.4,159429.5,165517.3,154362.6,152594.9,153211.1,169184.5,149475.2,154371.4,162452.0,156071.9,160034.3,168349.9,166064.4,159475.1,162538.2,166087.6,162646.8,152866.1,166983.4,157700.5,165697.3,157700.5,171056.3,162652.1,161624.1,170902.0,154622.7,166582.4,149446.1,161217.5,150949.7,166411.7,156397.3,156819.3,175721.0,149893.6
01:45:00,155128.2,138592.0,157557.7,143500.3,137107.8,136874.7,156188.7,149396.2,145758.0,158895.4,148334.9,140790.0,151756.8,142628.5,140798.6,142650.6,146441.6,142410.8,135970.3,141975.1,151797.3,160469.8,144663.9,149433.2,151230.4,157369.7,137283.8,155755.5,139506.7,135502.4,147082.2,155254.8,153115.2,154365.9,151680.7,144423.1,141959.2,136842.3,140428.1,135947.2,156439.1,140216.8,157557.7,144878.3,137726.7,138616.2,140708.2,141114.8,145312.9,154263.5,143406.6,146072.7,155755.5,147457.5,138200.0,151492.2,139354.5,152572.1,140216.8,145677.8,151336.8,151782.4,147404.0,148675.4,151638.5,146744.3,137698.0,143782.2,154895.2,137304.3,143876.6,139092.5,136873.4,147208.5,153765.6,151680.7,146446.7,135053.4,149318.8,147268.2,153944.0,140216.8,151674.8,133747.3,152541.0,151405.6,139021.2,144453.7,138169.8,160290.0,146308.0,145878.7,146951.1,158799.5,150864.2,144910.2,146059.5,133316.4,147996.5,139354.5
02:00:00,148869.9,157580.4,143520.2,150993.1,159320.9,149741.6,149626.4,143534.9,145299.4,149744.9,143905.2,151693.3,155763.6,154062.1,163758.5,151395.2,157313.4,154098.3,155091.8,155314.3,146201.9,146188.4,157758.0,162435.7,154372.0,147077.4,153295.8,143520.8,153479.5,152592.3,149667.6,150366.9,145742.8,159580.2,155014.2,152425.7,147516.8,146066.0,156851.9,151515.6,158795.3,152305.7,149744.9,166891.6,154508.9,151309.0,147516.0,151789.7,144868.5,151808.1,152758.6,150634.3,145299.4,153971.7,166898.3,180020.7,150579.1,146128.4,143089.1,149979.1,142645.3,149300.9,151012.8,152860.8,153536.5,161469.3,146124.5,155527.1,149300.9,157167.7,149570.5,154639.1,149298.0,150008.3,158358.7,143905.2,149314.1,151358.7,144868.5,146023.7,152269.4,147077.3,153657.6,143964.7,162092.1,150617.8,143843.7,146546.0,147077.9,156608.6,170152.3,162318.9,149201.5,151012.7,147517.9,146127.1,150647.8,160412.4,142629.2,156761.8
02:15:00,155004.3,160739.7,150144.7,156743.2,160284.5,156015.9,155035.4,163730.7,154930.8,150144.7,153502.1,166137.2,151475.5,162092.7,159481.9,159593.2,150957.8,155402.0,154486.1,171856.3,160461.3,155898.6,152291.2,149354.3,158119.9,156161.7,159822.9,149700.0,149317.8,162373.3,164018.5,180543.5,154461.4,154445.0,154834.2,157150.9,165178.7,170306.7,150241.2,172434.8,147576.1,157871.0,148467.5,160828.3,161856.4,172169.9,155531.0,175667.2,155375.5,161626.8,151977.2,154930.8,156785.8,162080.1,166442.6,181016.0,160009.8,153501.9,155576.2,154011.6,150983.3,150564.0,159583.3,152812.2,163123.8,156692.2,166499.5,160895.7,150589.6,168596.8,173560.0,155568.7,152880.3,162227.1,166129.6,153947.0,160271.6,171321.3,155375.5,155776.7,150564.0,149278.8,148467.3,164664.3,169275.7,156263.0,160673.2,156286.2,161315.0,154410.7,160393.2,162879.4,162640.2,154834.1,159468.1,157945.4,159815.3,160868.8,153793.2,165680.9
02:30:00,157025.6,151505.7,163104.7,147678.8,146170.3,153282.9,159984.6,157388.2,149594.0,155981.4,148398.2,172629.8,142225.1,165067.9,154942.1,142672.8,149517.4,146474.0,153574.8,154178.2,149150.2,152137.0,149517.4,147134.5,151267.3,148592.4,153465.1,163091.3,138676.6,151516.5,150165.5,147492.3,159590.7,141778.9,147508.9,149137.0,149716.4,144415.1,151904.6,158875.5,148341.9,141341.4,149601.2,142679.8,143425.6,142675.3,167926.4,146173.8,150024.7,156523.2,152453.5,149150.0,170217.2,142605.6,143931.2,141158.5,155431.1,144396.1,147575.2,134675.3,151279.6,151698.3,151067.4,147285.7,162163.3,146621.3,154949.5,155564.1,159095.2,151263.8,158626.7,153530.3,147234.1,148840.5,158975.6,150191.6,147092.8,151337.9,149580.0,152853.3,151698.3,153932.5,141726.7,149484.7,155287.2,149150.0,151925.9,155757.5,148119.8,151801.6,141289.0,140888.6,147126.2,144409.2,148074.0,146232.3,152244.2,151325.3,153203.8,150023.7
02:45:00,132135.0,137359.3,133582.4,126069.3,136138.6,142515.6,140697.0,132630.2,126487.1,136261.5,142792.9,132972.2,140581.9,130367.7,142807.3,126504.0,137017.6,133604.6,133596.0,140768.8,126043.2,132135.0,137017.6,151239.4,135674.6,132965.4,149371.3,130483.5,126073.1,135227.0,136730.3,131754.7,132236.2,134249.4,131685.0,131813.7,135950.7,130815.4,138322.5,146824.6,129551.5,133160.6,138564.2,130857.8,124299.4,130068.4,133752.7,138431.3,126487.1,142434.3,122952.9,128709.6,126932.3,139117.9,139478.6,136013.2,132205.7,131685.0,130507.1,147801.8,135243.6,140570.0,137234.3,127390.1,142439.7,130835.7,143582.4,124097.9,132703.8,136340.2,121442.6,131363.4,123841.8,140197.8,144886.0,128557.7,143655.1,140399.9,126931.9,129870.8,131685.0,142058.4,134798.7,143445.3,135620.0,130489.5,140148.9,137561.1,127847.7,130066.1,140974.0,140143.5,129013.8,135230.8,128661.0,126068.5,134036.3,143010.4,130772.6,129021.7
03:00:00,106355.6,124197.9,109416.9,113114.2,119226.2,123776.2,112086.9,111646.8,112222.1,113431.8,110305.0,116835.8,125358.4,120812.5,123664.4,123221.9,106453.2,113576.9,103341.1,123455.8,114895.9,112125.8,106453.2,120210.8,117006.8,120041.8,117996.3,112100.5,129858.7,122886.3,116426.9,117431.1,117028.8,128166.3,120561.7,113503.0,140254.9,112166.9,137534.4,117395.5,114210.5,114098.1,114751.0,122283.6,118766.1,120850.6,121480.3,126179.8,112222.1,114816.0,113490.1,116668.2,114331.3,136965.6,138064.9,118364.9,112611.7,115236.8,135795.6,136461.6,113992.1,112569.7,123121.5,113873.1,109539.2,115497.7,119011.9,115701.2,109437.6,120592.6,123883.8,120459.0,116607.9,111203.4,115562.6,120117.7,114904.9,119891.6,117546.9,122166.9,106897.0,124801.1,112309.7,121083.2,123595.9,114436.0,114074.8,115122.7,112163.1,110496.9,129380.5,133440.9,127894.5,111681.8,114163.7,116177.0,111343.0,119609.5,118311.3,118772.8
03:15:00,103428.2,118685.1,105515.7,111827.6,108613.2,106403.9,104209.8,107871.0,115496.0,104217.9,106410.8,105498.5,111088.1,109629.3,113979.4,104965.7,104273.2,110852.2,107534.3,103334.1,110879.6,101628.5,103385.9,104912.6,107299.1,105528.2,101058.5,105945.0,109126.0,112110.7,107419.8,101451.0,104928.3,105734.2,102959.7,111885.2,103168.0,104319.2,123227.5,98106.9,113854.0,102509.8,102430.1,121173.4,113536.0,100301.0,107687.4,132693.7,115077.7,102848.4,103774.1,115064.5,110369.6,100825.3,125416.3,111369.6,119079.5,109121.6,121806.6,113217.8,108205.4,101234.4,108970.8,104205.1,107438.0,101660.0,110973.9,100706.1,102417.8,119365.4,98157.1,105521.3,105567.2,107440.8,110364.2,102553.2,107400.3,101715.6,109752.9,113923.6,101229.6,115172.7,104691.5,116742.1,102951.8,110171.2,103191.4,104217.7,104278.8,110052.1,103297.1,110109.0,109922.7,104759.5,106785.7,115869.7,110200.9,116564.6,111495.3,109974.1
03:30:00,114480.0,109382.2,106513.4,102510.4,111922.6,102359.1,110925.5,121883.0,105887.1,102625.5,109642.5,103692.7,115590.8,112832.9,103451.6,121528.1,110357.9,117331.2,106305.4,109420.3,108248.4,110512.7,105035.6,99813.9,112225.3,101776.8,113404.4,110507.1,120851.2,118949.2,128118.3,108834.6,105959.2,107324.4,114385.3,101562.7,114392.6,103371.8,116857.4,98484.2,119573.2,111214.9,102207.1,111920.1,106480.8,103371.3,109664.5,122502.6,106305.4,105242.4,115405.3,106318.2,110950.4,102876.8,117773.6,99786.4,106454.9,113548.6,101586.3,108989.8,108485.3,112694.5,96865.7,110502.9,107677.7,105453.7,110956.0,110374.6,105755.2,114644.8,115408.3,102337.9,105913.1,115089.3,111158.7,115234.8,108107.2,110234.6,106305.4,121986.2,106329.8,112765.7,113461.2,112463.3,106811.4,115071.9,111088.3,111963.8,111235.6,112582.9,102959.9,108540.0,122328.0,118352.6,111543.7,120042.1,109860.5,120628.9,113987.5,104260.6
03:45:00,102441.8,95085.0,105174.2,105362.6,101341.8,94276.9,101184.2,102071.2,97814.2,105174.2,95971.1,108621.7,109148.5,116860.6,105156.8,104269.5,100316.8,98098.4,93389.1,101289.5,99868.3,104279.3,100316.8,107876.8,96842.9,115762.1,101265.8,101627.7,116647.4,104741.3,97759.3,102471.5,122324.8,119353.5,97693.5,99144.9,104415.7,98719.1,107083.7,92503.8,112636.9,105616.2,107392.6,92909.1,104489.4,96318.6,100872.3,105152.8,95127.6,113085.8,105272.9,94707.3,109171.6,104934.5,98667.7,98091.3,91618.2,99533.2,98980.8,99086.7,99842.1,106021.9,104031.7,112149.1,98983.6,105191.1,95168.7,122013.1,101627.7,94290.5,100365.3,115756.4,99958.2,107486.5,102423.7,95539.5,99867.6,102638.5,95127.6,104249.3,101726.5,102850.0,102062.7,100393.2,115838.4,101314.8,96321.4,98967.0,100368.2,105544.3,99058.5,94726.2,107615.7,99533.2,113169.7,99899.6,94719.3,96862.0,106283.7,104193.0
04:00:00,117694.8,102354.9,107940.4,97908.4,100998.8,97217.7,103770.3,106101.2,112747.9,111314.6,113224.4,100715.5,91827.6,101973.5,104995.2,107371.6,103737.6,92785.4,105695.3,101210.9,114206.4,112807.8,95487.9,103438.9,119993.8,113631.1,95422.2,107321.6,91049.0,88327.3,96032.1,94244.7,104082.2,95801.5,112833.6,109750.7,100027.2,107853.6,91674.4,105355.1,94856.4,104843.2,115360.4,98333.1,108283.6,107479.6,96950.8,103032.7,111171.7,98122.1,106241.4,107529.4,101579.5,102080.0,99553.4,102634.1,93481.8,118126.8,94514.1,99989.6,111690.8,107555.7,89857.7,111845.0,110661.1,104353.7,95386.1,111867.0,105225.3,100015.9,104163.9,96130.9,110087.6,109792.4,104604.5,112122.1,108098.4,111577.5,111519.9,97787.1,119019.9,92095.2,113714.4,102633.8,93869.2,114041.7,100132.4,92283.3,99657.6,94012.6,101605.2,95479.3,107047.6,118887.0,103671.7,103068.0,107844.9,91842.7,102368.6,101338.4
04:15:00,112788.8,100571.2,107495.1,109915.2,113467.8,104181.9,99184.3,105330.4,115617.7,103427.4,113044.0,101374.2,96721.6,100363.7,96791.8,125197.6,114757.9,116345.2,112591.4,101773.8,110960.9,108412.2,118663.1,101195.3,105594.4,109404.3,101067.9,107236.8,97652.2,105498.3,101712.3,102053.0,107421.9,101441.5,106856.4,109255.5,100135.8,103295.5,99917.9,97455.1,101954.8,107503.8,109699.1,115214.5,107229.9,105196.5,97979.1,104305.4,115022.5,98893.3,103618.3,110789.1,100583.8,117665.6,107424.8,97115.5,105669.2,110471.2,101593.3,104109.7,112944.1,105185.2,103468.5,110473.3,106023.5,107001.8,101983.7,105209.0,104998.2,112308.1,101127.1,114295.4,115282.0,113905.0,101211.0,110295.4,108570.3,103856.3,113116.5,99973.9,113982.0,98133.1,112994.9,112520.8,121332.3,115053.4,108345.6,105249.8,111340.7,103681.8,100481.6,96540.4,105434.4,109358.5,103235.3,112056.1,114411.5,101279.0,95424.1,103862.2
04:30:00,80786.5,83451.9,74633.0,94551.0,88014.8,83247.0,78731.1,81811.0,96123.7,74514.2,76149.6,75944.1,90126.1,74084.2,89733.6,82057.8,96059.1,105869.5,98725.6,80969.2,87917.9,83575.7,96692.5,77797.0,82837.6,74930.2,77942.0,73424.1,89219.8,81066.2,87391.5,86523.6,80295.6,88726.7,82022.0,94675.1,86494.5,90344.9,83713.3,94176.5,89612.8,94560.1,74922.1,80116.3,95172.1,95750.8,81373.1,81605.3,90748.8,72619.5,82116.9,99306.4,84113.2,82055.2,78217.2,76723.8,87630.1,83942.6,87982.6,97090.1,86081.1,82225.1,77447.6,81003.8,81186.7,83456.1,84502.9,82432.6,78559.7,87341.1,83831.0,79420.5,95848.9,78689.2,80214.9,82553.1,82732.6,81894.7,85896.9,81380.2,83814.5,80528.8,93864.5,85461.2,92769.0,95953.4,102747.9,81321.5,105287.2,93512.9,85233.5,83756.7,76490.4,86785.5,71775.3,84291.8,91298.5,86304.1,77729.7,89234.2
04:45:00,84783.8,89219.3,80907.6,100771.1,93843.5,88793.2,78741.1,85771.0,90950.1,80737.1,84472.8,80446.1,94778.5,80242.7,100399.0,91976.0,95635.9,104009.2,95997.3,88665.5,89839.1,85681.3,93168.2,92811.7,84459.6,82679.4,95524.0,79172.4,98148.6,83058.9,88634.3,98192.0,92138.8,97602.6,83288.9,94736.8,90678.2,91748.3,86188.5,93367.7,95103.9,98727.4,81766.2,85817.8,99739.3,100036.7,88350.7,92860.4,89445.6,79739.0,82701.7,93991.7,83640.2,87952.7,89448.4,86253.2,99330.8,86664.5,93261.8,92390.7,84060.9,81898.6,100571.6,82110.0,83812.4,86481.6,93741.8,87449.3,80340.0,96668.6,86079.8,92894.4,100467.4,87024.9,87886.8,83607.6,90146.8,86767.1,88848.5,83645.5,84597.2,81185.3,97241.4,91176.1,90978.4,89862.9,98065.1,88036.3,100963.5,95129.1,91396.1,88088.1,86779.5,87651.8,80680.4,96717.7,91017.4,90438.2,86116.8,97951.3
05:00:00,67479.9,70556.5,63067.5,86075.0,75107.5,83149.0,62831.8,69070.2,78214.0,67405.8,74964.2,62394.3,83304.3,65151.6,88206.8,82279.7,89102.1,83201.7,80594.0,72508.0,76385.4,74243.3,84475.2,66149.8,68192.6,62650.9,82202.5,59464.5,87246.7,70809.9,71311.8,74725.7,64947.8,82719.5,65761.9,81186.2,69807.2,92544.3,60864.8,82080.3,83502.7,84286.5,62600.2,74567.4,85782.1,89355.3,65821.7,72918.2,75090.0,70542.5,65676.6,80028.8,57596.9,73415.7,72730.2,65538.2,83193.7,73656.9,77101.5,81686.1,68666.6,69817.5,67084.7,61468.6,66367.5,75799.6,82761.5,65166.7,66151.9,79500.9,76673.5,74870.9,90468.4,73473.1,63910.7,68673.6,75178.7,75896.0,76043.0,67388.5,68478.5,67858.6,84052.7,80398.0,81894.7,77302.8,87682.7,67622.8,89307.3,83970.7,79185.3,65135.6,58556.4,72090.4,63675.6,76063.5,78832.0,77651.8,67362.2,79171.8
05:15:00,53426.3,63096.2,44692.8,69825.4,67094.3,78958.7,32228.5,60932.4,78279.7,37317.9,47588.7,26540.5,91665.5,34886.9,91170.0,73965.7,84533.5,82054.9,78116.0,64418.6,74759.0,68068.3,95290.5,37623.3,52853.4,37869.0,68868.8,38630.1,85642.0,61016.5,54318.0,69422.2,41972.0,75592.3,47182.1,81624.5,47524.0,70952.3,38693.5,86937.5,83927.0,75745.7,39936.9,48984.6,73364.5,81545.8,40342.2,64783.6,77206.0,29097.2,32795.2,78712.5,31318.2,56805.9,62189.6,31203.4,67949.1,68462.6,77320.9,66639.9,61339.2,42513.5,43694.5,34887.1,52899.0,56500.0,71133.8,55515.8,42452.3,73645.3,79387.7,62050.4,74023.1,69012.1,29624.2,61904.4,64336.9,62183.5,70269.2,49212.2,59275.5,41679.4,86077.3,74780.0,47996.2,71959.6,76659.8,49099.6,75227.8,88205.4,48461.4,56518.3,30278.1,61684.9,27587.2,61711.2,71777.1,70698.1,36703.6,85152.2
05:30:00,39352.0,33219.9,35926.6,80838.7,45442.4,81792.0,25595.2,46920.8,82739.5,28673.6,35074.3,6067.3,96004.1,15178.2,88582.1,68443.1,101163.3,89575.5,87655.7,34949.4,67730.0,54278.0,102392.7,-218.5,46210.5,23798.6,65807.4,26043.3,78348.8,30242.3,51707.0,57660.9,24851.3,80525.5,38971.3,89789.7,49258.8,76209.7,3878.0,87881.4,89658.7,85672.8,29703.1,27828.8,66943.0,76813.1,19212.4,41916.8,66690.5,18846.5,15622.5,90084.7,19913.9,26963.3,31827.8,-6846.1,60941.3,66675.9,66710.0,70286.9,43883.4,35440.2,22176.5,19013.2,37772.2,47965.0,64445.9,12824.8,34128.4,77232.2,67919.7,22192.4,78081.5,57405.1,-11142.1,53775.4,68012.4,61253.4,70397.6,35306.6,47163.6,27420.5,103065.8,78662.0,18469.7,75112.8,69262.4,36555.3,79443.0,96817.7,29433.1,36668.6,5882.5,59207.8,4193.5,52227.4,87127.8,66273.1,14885.3,62157.7
05:45:00,272.2,17641.9,-2189.7,90824.4,33727.8,63303.5,-43166.1,11959.8,53151.0,-11107.1,2014.8,-29005.3,89098.6,-13465.4,98794.1,53866.1,82430.9,75020.3,70677.8,31352.6,43360.4,24080.5,78969.0,-4769.3,12862.5,-8458.1,60857.4,-26151.9,93162.0,-2003.3,14968.7,57800.5,-14652.5,102120.4,1457.5,79703.3,40480.3,66211.3,-4552.6,85212.0,89199.4,70418.2,-11230.9,9085.1,57603.0,84611.2,-515.8,44099.9,45084.0,-29377.5,-29728.2,69540.7,-40221.6,13886.4,18487.5,-18975.6,48409.3,36553.0,41110.6,70939.9,16455.5,-7409.8,5759.3,-15461.3,1637.8,26484.4,60022.8,634.7,-24345.2,54528.5,44409.5,11164.8,78110.0,36420.0,-21795.1,12043.2,46511.0,48184.1,41056.4,8236.6,7607.4,-12525.9,86936.6,54424.8,8931.2,54483.6,64146.0,-118.0,76268.7,72830.8,27734.5,33369.5,-14939.4,26579.2,-43461.6,21202.9,65115.0,43685.2,-9808.6,49224.4
06:00:00,11213.0,18828.5,-11055.7,83017.3,41698.6,70080.1,-54154.1,19388.4,86557.5,-14449.2,2677.4,-47774.0,114619.1,-28974.5,111698.8,69969.7,112109.7,104582.8,76782.9,20381.4,64172.6,42854.4,109667.4,-34897.6,21030.1,-5706.5,48025.8,-31632.3,117496.7,-1603.2,27494.6,36861.5,-22433.1,119810.0,16541.3,89324.3,21991.4,85158.3,-8715.7,88592.9,96308.3,77841.5,-11731.8,1956.7,65882.6,86983.6,-16265.1,53902.9,62723.0,-39823.6,-41786.8,87236.4,-43402.1,19958.0,23013.5,-31078.5,49861.2,60866.7,53232.8,69591.8,23054.9,-1260.5,-8874.6,-10930.4,5277.2,8924.8,58969.4,-22391.3,-19760.1,80991.6,46776.1,7939.4,90724.9,48803.6,-41503.3,25814.5,50789.1,46826.2,53600.7,8193.1,20532.0,-14029.7,108121.2,75032.9,-7471.4,65785.4,68304.9,8896.2,92937.3,99957.5,18319.5,34752.0,-27028.1,50498.1,-49423.4,49935.4,69906.1,49163.1,-24602.1,47218.0
06:15:00,31022.1,24097.1,-6325.6,103382.0,59740.0,113537.0,-43757.1,52342.4,105278.4,-10413.6,5237.4,-72313.2,140085.4,-37824.5,157775.1,98697.1,156323.1,147816.4,116710.3,32834.0,98421.4,63811.8,157574.5,-34317.4,35800.0,-7026.1,77384.7,-30866.0,143135.5,-6634.7,32545.0,61749.8,-29143.4,138514.7,16977.4,123957.4,16471.1,96031.0,-34093.6,124094.2,146561.5,124148.4,-9269.2,-1290.3,75801.4,108100.5,-11094.0,82192.2,82156.3,-36405.2,-28584.7,123906.5,-41501.6,13247.0,35227.3,-51218.1,76661.0,73345.9,114292.3,77723.2,40453.4,10401.1,-10466.0,-14529.3,15101.3,35593.2,76464.9,-32991.6,-18339.0,114196.1,61232.0,-1766.0,123132.6,76464.3,-61950.1,35761.3,104077.8,73744.0,77482.4,14501.1,34663.6,-1027.1,162044.1,113766.8,-10867.4,92613.0,74103.8,11449.3,120965.3,162342.8,939.2,27102.8,-43120.2,60787.1,-56682.2,83764.9,106899.8,74567.4,-21632.9,50182.5
06:30:00,-37817.5,-14599.9,-84253.5,109692.7,1798.8,66032.2,-125645.8,-18704.9,47634.2,-89857.0,-80529.1,-121409.5,123999.7,-88065.5,126956.6,67257.8,103416.2,109162.7,91147.0,-12477.0,43765.4,8188.9,101384.2,-98421.2,-27308.9,-69040.4,52033.4,-128102.1,128509.6,-30889.0,-20255.2,40459.2,-70659.9,125760.0,-54532.5,91224.1,-2550.4,75280.0,-53026.9,101249.5,127113.5,91193.0,-75891.2,-42326.8,70040.8,96581.6,-67957.1,28918.7,20917.4,-104189.0,-119715.3,65608.8,-127241.9,-32041.0,-14577.9,-95033.2,35509.0,2634.5,42870.1,65905.2,-48344.2,-73817.3,-55214.6,-90375.6,-51985.1,-7910.8,34078.9,-87269.0,-100185.4,86785.5,27973.5,-58823.9,93329.0,24406.9,-109489.4,-47746.9,35076.2,37982.1,30578.4,-34242.3,-16772.3,-95255.0,94161.7,86268.5,-61595.2,61135.6,64638.3,-46678.5,88722.4,111002.7,-14891.6,-4076.9,-92186.4,8258.7,-136936.6,18417.2,77462.2,35015.5,-90886.7,36345.2
06:45:00,6155.4,-11078.5,-75150.2,81947.2,11112.7,91013.7,-111549.3,2487.2,85774.2,-58061.3,-43565.6,-152413.8,143275.8,-136658.0,142316.2,105092.0,156406.5,146032.8,117031.8,14705.1,80362.7,41616.5,161112.7,-116195.4,14307.6,-68806.5,20096.0,-121592.2,136370.7,-29743.3,-5513.0,6648.0,-69401.3,123448.3,-20264.1,122240.4,-46728.5,72563.0,-102305.5,89510.0,130934.1,108164.1,-53879.0,-73012.3,90698.8,100617.6,-66169.8,8524.6,63251.1,-114344.1,-105358.9,112966.0,-107359.9,-46059.4,-8959.1,-143206.3,53185.9,49825.3,67797.3,56005.8,-8634.1,-40474.7,-80460.4,-72212.8,-33103.3,-5612.5,33455.7,-79435.9,-80920.4,93819.0,23636.0,-60865.2,101891.9,39522.5,-146214.9,-2111.6,63207.3,28963.7,67345.3,-20427.2,15360.0,-58490.9,142349.5,88774.5,-53470.6,98136.1,69057.5,-33293.6,107159.0,141490.2,-60939.6,-17558.9,-112002.2,55285.8,-123324.4,19119.2,98346.1,37150.0,-71222.9,45551.9
07:00:00,-12014.3,-3281.3,-103978.0,159155.7,26952.5,111767.0,-117609.3,12658.1,98506.0,-83383.8,-75581.6,-142917.8,195482.4,-95082.0,182770.5,115704.6,188718.4,174230.1,151275.0,28676.9,100332.1,42048.6,192978.3,-112047.4,-14723.9,-67722.8,63766.8,-128445.2,199370.4,-29619.0,6421.3,58358.2,-63713.1,173008.1,-28221.5,155335.4,19330.0,120882.2,-89928.7,160902.4,190154.2,159666.8,-57562.3,-41126.7,111262.8,146481.4,-54320.5,47300.0,51800.8,-103531.6,-125278.6,110238.4,-129799.6,-48415.9,24162.3,-129281.2,80410.6,29217.0,97854.1,113329.7,-29717.2,-50751.3,-80426.1,-76461.9,-11691.1,18441.1,86118.2,-60852.8,-77296.9,141880.5,77938.4,-48392.0,153496.9,60243.8,-114824.3,-32889.2,83432.8,75975.8,68440.9,-7030.8,12945.6,-90220.4,160002.7,123033.1,-57098.3,110449.7,86878.6,-49180.0,155133.8,186908.2,-27028.5,15972.2,-103620.7,43309.8,-136041.9,36004.1,134194.2,57472.8,-74130.4,76056.8
07:15:00,-34688.1,-7435.6,-89025.7,181525.9,23455.0,119095.8,-161769.1,-3361.0,109956.9,-101822.3,-62301.7,-176396.3,199079.0,-91893.7,212645.9,102948.9,177554.2,182236.6,142380.9,-736.7,86028.9,36716.8,184221.7,-110911.6,-23948.1,-76111.0,112480.4,-142929.9,221366.5,-39967.6,4851.3,75246.4,-116588.0,225693.4,-50178.7,143608.2,34005.7,126105.5,-81956.5,185138.7,185197.0,146443.3,-85848.9,-11894.3,102180.4,190233.9,-87342.1,71145.1,73934.5,-135625.2,-130975.3,138017.4,-149915.2,-20786.6,19223.9,-105539.0,59892.6,58431.8,79703.4,127645.4,-12054.9,-80633.2,-51846.2,-99117.4,-52712.3,-1218.2,115997.6,-79056.7,-117997.1,115214.0,59965.7,-60018.9,165796.3,48690.4,-125493.3,-12776.1,85857.0,62791.2,44452.4,-35691.7,-18853.6,-102540.8,192169.2,101839.8,-69346.9,77635.3,109527.6,-64196.7,160431.4,180227.8,-5176.0,11078.5,-96604.8,26793.5,-184226.8,24869.7,117302.4,55509.7,-98301.2,65096.3
07:30:00,-53222.0,-12605.5,-126933.3,176455.1,24085.7,115598.5,-186436.1,-9126.2,93957.5,-124880.4,-101351.0,-214234.4,186245.3,-137273.7,204442.9,112894.2,184053.3,208108.4,143325.0,-21088.7,90500.8,22248.5,196272.0,-112892.2,-33310.3,-97151.2,96626.1,-179556.1,218214.9,-41652.1,-23134.9,48282.8,-99345.4,228852.2,-72975.8,153489.5,-20810.5,124582.9,-73105.7,177690.5,213896.5,151454.7,-105180.0,-65316.3,99426.9,176368.4,-102754.4,67888.7,49421.6,-153319.9,-141921.5,121503.4,-179710.7,-39795.3,12048.7,-142172.0,46949.0,18914.0,81470.5,112243.7,-43878.3,-99244.3,-76487.1,-108838.4,-61045.5,12614.5,87099.4,-129394.0,-125742.3,148724.6,50951.9,-67646.8,156003.7,40091.0,-192848.8,-60036.1,88057.7,50130.8,52874.8,-24679.2,-21954.8,-126453.8,182770.4,140542.0,-53069.9,94725.6,115462.2,-56866.9,146226.8,204597.9,-12084.9,14127.2,-148616.5,21467.5,-188400.7,36743.8,119644.3,51033.4,-118731.2,73239.7
07:45:00,6583.8,-4227.4,-111046.4,174467.8,63201.5,173851.0,-152439.3,26551.9,128001.6,-96928.4,-82704.4,-162653.6,260434.9,-149897.8,240759.2,160507.1,242449.4,241439.9,175518.9,50783.5,123031.3,65034.2,243531.3,-133572.4,15193.5,-54421.5,87549.4,-170681.8,243084.6,-17109.2,32863.6,68686.9,-46109.5,238406.5,-29858.4,195778.3,29453.9,162383.5,-103471.5,200667.1,257449.8,197645.9,-73753.4,-63902.6,165592.3,183328.1,-34048.4,66124.7,88452.4,-126873.0,-128363.5,154700.3,-155656.8,-34707.7,1822.7,-158888.9,99167.8,72572.3,121013.8,143573.7,-37305.2,-56749.2,-88058.1,-81782.5,-14478.5,22169.0,111228.2,-63913.0,-106130.3,178192.7,85421.5,-49553.4,194281.6,83555.5,-180285.2,-17430.2,121680.7,81947.0,102865.3,-1095.7,9701.8,-66835.5,212459.3,162233.0,-65127.9,142446.3,163997.3,-10417.4,197034.7,252391.0,-19156.9,12083.8,-157729.2,80687.8,-164528.9,60305.6,156749.7,112198.5,-86533.8,101348.4
08:00:00,5158.1,39977.7,-87351.7,278805.1,92121.6,186352.3,-149406.2,61357.0,173611.5,-83057.0,-53899.2,-147806.9,302937.6,-79881.3,326939.1,180242.3,287141.7,278236.9,221373.1,74024.9,158193.7,80871.2,289284.3,-109731.5,30392.7,-67582.1,159996.6,-134289.0,312513.1,-5659.9,58889.2,124670.8,-90535.8,284940.1,-11899.0,233168.1,77456.9,202289.0,-86631.0,259725.2,292294.3,237483.8,-63883.5,-16945.4,196073.9,243854.3,-47971.1,119885.2,113930.4,-135750.9,-138114.7,209391.1,-147778.8,22135.0,67566.1,-118685.8,138365.8,101574.3,147481.7,206445.5,15101.2,-40649.6,-57330.8,-81282.9,-15656.5,68464.5,152993.6,-67901.6,-94983.4,207844.6,131926.7,-24545.4,245429.4,112838.7,-130582.7,10468.7,156552.3,124082.1,115141.9,-156.8,30940.0,-84362.7,281322.7,180326.8,-22552.7,163607.2,187133.5,-28233.5,263225.3,286487.0,4722.5,60841.8,-107690.6,87713.8,-158280.5,98533.0,196858.4,120470.2,-92305.4,119725.9
08:15:00,-16801.5,95354.1,-136061.9,312197.7,94861.3,186124.4,-197961.4,49280.0,133717.7,-135306.0,-104868.3,-154869.2,315384.9,-66427.6,372855.9,158092.7,241052.1,282128.0,197046.9,85009.8,135689.7,42967.9,263960.2,-51278.5,-32856.2,-79067.1,209187.3,-194716.4,365301.1,19233.4,31159.0,172343.5,-66693.6,394453.2,-69761.3,194772.3,119212.0,241197.5,-25917.8,293935.0,300824.4,227186.4,-93164.7,13908.4,200731.9,300891.9,-59941.1,175621.4,79371.1,-124349.9,-106921.3,157035.3,-198676.7,54913.0,117809.6,-91120.8,133695.5,52805.8,150658.6,214806.3,-31464.4,-103933.9,6511.4,-102944.2,-15970.6,79907.9,203960.9,-78452.2,-150664.9,211418.1,161924.6,-17935.6,252063.5,109886.5,-125672.0,-38037.9,136856.9,137866.6,66209.1,19007.7,11669.7,-81826.9,245230.8,199605.3,31948.2,114188.6,230198.1,-20046.9,268400.9,310964.5,84865.8,113352.8,-95149.5,39533.1,-177798.4,88074.4,167317.1,122319.5,-74302.2,146172.8
08:30:00,18032.2,89904.9,-113429.9,284470.6,122958.1,240928.5,-162227.2,52598.7,172398.3,-103591.3,-80765.0,-149967.3,317032.2,-72405.6,375534.8,214406.8,274469.6,303076.1,236297.9,67001.6,156948.7,83570.8,291216.6,-50689.1,11362.3,-67736.1,197346.3,-181552.5,378654.9,-5475.2,72593.6,144116.3,-38427.0,359434.1,-27297.6,232654.1,128736.7,255881.5,-2883.5,311573.1,338613.2,253003.9,-90661.0,7418.0,217715.3,314053.9,-1208.1,151751.4,115318.4,-102177.4,-95625.8,198972.7,-169936.4,61160.3,95794.9,-83330.3,139148.5,78487.8,192667.9,254148.8,-20442.1,-71937.2,-4114.3,-83684.5,6093.2,59590.6,204124.8,-44338.4,-111416.5,284977.9,158154.5,3674.5,274325.0,118454.4,-77244.9,-20500.4,154910.4,126270.2,120858.6,39197.8,25820.7,-47786.7,254872.2,267926.8,12025.9,190413.5,258817.5,14904.2,256210.8,338055.1,69261.2,101373.6,-95202.3,88277.0,-159263.5,122867.1,219358.9,184721.0,-47298.6,195720.7
08:45:00,63076.1,119541.6,-69134.2,393646.7,181739.0,295394.7,-110588.3,100693.6,207331.2,-49480.6,-15693.5,-117587.1,399615.5,-23565.7,416664.1,278987.0,358198.9,361873.1,298088.9,141260.4,216972.9,160314.2,369204.5,-39228.0,80072.4,7225.2,258419.1,-141260.5,413493.3,48402.2,111289.2,252969.0,-3540.1,403767.8,44090.3,308746.8,135796.8,328273.7,1430.5,384293.1,388053.9,311914.6,-24310.1,72750.5,296824.4,376367.2,25620.6,221735.4,149024.2,-87917.2,-62202.2,242937.5,-115764.2,108899.7,150697.5,-55277.4,225138.5,139141.7,222078.0,323532.7,20577.2,-2432.1,43352.4,-38052.9,44806.4,141462.7,245796.4,2354.0,-64403.9,310860.7,248570.5,54676.4,349338.2,164315.2,-79969.0,40459.2,206637.8,219036.6,190734.0,83700.4,71622.8,-41534.8,326915.5,278545.6,74041.6,229488.8,320057.5,50792.6,358911.2,342028.2,83204.6,145136.1,-15102.4,162164.4,-127717.3,173310.0,266875.4,237877.8,-18331.9,248829.0
09:00:00,85553.9,146274.2,-35186.5,440366.1,218891.5,331049.6,-93568.0,174580.4,266054.9,-18018.5,-1548.7,-80737.2,465753.1,8098.5,479066.1,320424.4,402574.3,438095.9,341516.7,197427.9,258084.1,186491.0,404169.9,23556.4,108712.0,39766.2,293153.5,-90855.3,469576.7,106761.0,124299.1,281920.1,6465.7,455346.5,66318.3,338169.5,202905.9,354505.9,25736.5,434022.1,434553.2,379090.4,-186.3,77830.2,340524.2,424975.8,66254.3,272329.4,203041.4,-60548.1,-19398.8,294228.8,-90553.0,154386.7,180412.2,-58911.3,286679.0,179289.1,249498.2,334321.4,64970.1,26648.3,80566.9,16899.8,101410.2,189452.0,305244.0,49610.4,-30500.1,349214.3,275180.4,86006.7,405612.1,244280.2,-45927.3,78884.0,276807.9,269410.9,213764.9,120681.8,110574.4,6006.5,377406.1,319836.2,100025.1,280281.3,334073.9,81939.8,427629.8,402607.4,128954.3,161473.6,-9467.8,183868.3,-108256.1,197452.8,312289.5,260869.3,29317.1,276992.0
09:15:00,56960.5,181935.0,-75001.9,434789.1,192961.3,302643.8,-141064.9,128103.6,217764.0,-63539.1,-57892.0,-53907.3,437861.4,7757.0,511822.2,269095.9,346234.7,400914.6,306427.6,192308.0,224162.0,153096.4,374433.7,33284.5,60628.4,-3906.5,356683.0,-155341.9,511583.0,107558.2,140474.9,324078.0,22815.8,513583.4,-1150.3,290712.4,249324.3,375942.2,63259.7,421712.3,399759.1,327252.9,-18760.3,99076.1,346361.8,421024.9,28804.5,294910.4,162051.8,-37758.9,-25523.0,260971.0,-147412.4,153825.5,199803.2,9773.2,253289.2,126592.3,291332.0,361241.6,37334.9,-26467.8,110051.4,-13286.1,75108.2,154545.3,322820.6,38055.6,-45249.5,353949.3,306734.0,119462.7,354037.3,199146.7,20915.8,22303.4,229621.3,265244.7,160386.0,101283.9,94966.5,21818.7,321599.7,364492.9,98105.3,251985.3,387476.4,100938.4,390133.0,430702.0,151874.8,210560.1,-9837.9,148795.6,-119527.2,213933.3,285840.1,245353.0,26694.3,308472.6
09:30:00,98078.5,173341.4,-45841.1,459530.0,209836.5,343530.5,-90529.3,141001.3,274488.8,-18203.1,-3457.2,-83565.9,471483.9,24631.9,521711.8,325182.0,427370.0,420910.8,373545.0,184279.9,280432.4,188120.1,449409.7,29368.6,117353.3,17177.5,341326.4,-124215.3,520444.3,114737.4,177877.5,318845.9,39619.5,519627.1,62506.5,375648.7,237636.9,373810.9,40246.8,469464.8,433248.2,371316.6,19283.3,137269.3,325364.5,447906.6,51757.0,305882.9,216226.2,-44299.5,-35434.8,317561.1,-102300.7,178591.5,213105.5,47515.8,258812.8,175832.4,290002.2,388559.9,81729.8,38552.8,125159.9,-19110.4,106312.6,170331.1,354751.3,34079.7,-19644.2,382805.8,296787.0,101080.1,382178.8,210389.2,-693.4,68642.7,252785.4,281676.7,235747.7,148548.1,133148.5,9212.6,392118.4,359764.0,118414.4,290300.9,412971.0,104529.0,402219.0,446857.7,171067.6,211213.1,9679.3,198881.1,-116151.5,213575.6,337360.9,262706.0,39722.9,306910.4
09:45:00,118360.9,235806.1,-25821.7,519364.9,275239.4,408517.8,-59474.6,196216.1,283770.6,-1669.9,25938.3,-20303.7,549867.7,70115.4,545750.5,366751.3,467315.5,473362.9,388789.4,237305.5,281196.8,230914.0,474833.5,82992.4,136810.3,77614.9,400420.4,-97114.5,578828.7,166174.7,177519.1,370387.8,65290.0,576605.4,93193.5,387904.7,281259.3,450893.6,114148.4,485237.4,517561.0,401902.2,32906.4,164266.1,400411.0,497304.1,96572.4,358918.4,209982.6,-29163.9,15024.0,316116.5,-72019.8,230637.2,248870.5,33470.3,342512.6,188845.8,306345.5,471855.5,86921.5,49037.1,160429.1,43349.4,110174.8,230747.4,389102.4,107589.0,-4549.9,399873.4,346534.3,148294.6,461368.5,255545.9,27050.5,94478.8,304963.4,340709.9,251777.8,192269.1,146065.2,29188.7,424012.6,372110.1,174905.6,298093.8,448529.4,124703.4,495037.9,474271.2,205453.2,252716.4,57017.7,203228.9,-60364.1,249544.9,338375.8,327920.4,81335.3,356338.3
10:00:00,161719.6,296609.2,21949.0,544700.2,325590.1,473286.9,-32446.1,273315.8,324565.7,42861.7,55804.8,31671.5,601965.3,100477.6,626089.7,435066.3,500675.7,552616.8,416983.9,294906.2,352882.5,280767.9,518138.5,163848.8,183060.4,147878.4,449157.5,-48134.7,640163.2,217422.8,249893.6,420941.0,154843.9,630309.4,135910.6,419409.1,378128.0,488324.5,172214.5,539029.5,591128.4,481556.4,76483.4,215044.7,459149.7,555037.3,148537.7,394629.8,264494.4,54050.4,71820.0,353185.0,-23577.0,281817.6,281754.4,108881.5,383565.4,243290.3,397100.9,504619.9,127706.9,103839.9,221308.3,119370.5,211368.5,305858.4,444368.2,150272.8,64614.9,466479.3,389083.0,216290.3,532174.0,342950.4,95650.2,131601.3,372787.5,373215.3,284754.2,244279.7,224119.4,116458.1,435078.5,458751.1,221133.9,359654.9,501401.2,209450.1,523053.7,583514.7,306411.9,321016.2,84023.9,276498.0,-7137.0,313769.0,403428.4,392935.7,128682.9,392731.4
10:15:00,161411.5,328787.5,-15461.8,599790.0,304592.3,436237.1,-48090.5,217847.1,320771.2,6372.9,15001.7,8534.6,606340.9,132327.7,656208.0,412274.5,461960.1,498399.1,438952.4,312411.4,345065.9,257857.1,491869.8,157585.0,153043.5,77628.7,478592.8,-97741.4,655692.5,237890.0,244244.0,448988.6,99432.9,691144.7,90399.5,434229.2,394580.9,500645.2,198026.7,584869.1,565909.3,468504.1,63635.1,267654.5,481242.8,579069.1,120359.8,412426.4,271010.9,45633.1,29479.1,374515.6,-61619.6,300160.4,326161.9,149405.3,340844.6,222967.3,387600.2,500505.8,125827.0,64169.7,252621.8,68181.4,156142.7,272526.6,469438.1,138930.0,20671.0,469987.7,407066.5,204382.0,493529.2,294016.1,94055.4,108698.5,331818.7,369062.0,277052.2,245265.3,198215.7,116529.7,444825.2,450623.4,214311.5,339898.5,544160.7,183664.6,510204.5,563955.0,340682.2,352518.5,110799.9,245080.0,-79782.3,301508.1,419072.9,382491.5,116523.0,405725.8
10:30:00,150030.5,334733.7,2178.4,614530.3,285512.4,432418.6,-57090.8,217057.9,330782.9,19035.0,44523.1,14979.6,611804.1,153843.5,665062.7,395937.7,490187.0,515105.1,437040.5,295831.6,327558.0,248801.8,521614.1,182499.7,156200.9,85191.5,487361.1,-77633.9,689618.8,217955.0,227595.5,450751.9,94773.8,688968.9,106111.6,436725.3,381285.8,512951.1,211358.4,609530.1,571366.8,437300.3,65496.2,291082.7,449391.1,608355.6,127709.6,432631.1,264908.5,18010.0,28303.0,375527.3,-77419.4,328055.9,332014.1,149377.0,377503.8,221552.2,333999.9,547857.7,122727.6,61695.4,253441.5,61897.5,139962.7,255818.5,481293.7,163078.1,13509.4,440779.7,412063.8,207815.6,496646.9,270114.8,107709.5,114326.2,333926.4,382405.4,275895.6,231995.2,185490.6,71567.3,464377.5,424542.5,243476.8,331650.4,541210.9,142201.8,541006.0,553633.2,332269.0,357427.1,144592.9,221965.4,-57577.9,263057.3,398686.7,353009.8,91417.5,424558.8
10:45:00,199637.9,323620.2,21311.8,587596.0,360166.6,484838.4,-16545.5,273397.7,342457.3,55509.8,66804.6,47140.2,630355.5,142699.6,669491.6,436469.7,537417.9,558272.5,452558.1,337158.2,357060.4,289509.3,545488.1,187000.0,199333.8,131781.0,470385.3,-30398.8,696183.4,248075.8,261162.0,446698.2,153427.6,675708.3,142644.6,450065.3,372588.2,499183.9,209731.3,580377.3,614788.4,494000.5,84763.1,269856.7,486595.3,617087.0,202490.1,452213.3,271964.9,58162.8,81264.1,384136.7,-17222.0,333774.9,334548.0,146459.7,433744.0,255427.2,406372.6,551387.7,137233.5,107651.8,252936.5,101349.3,198882.0,300195.0,482563.9,204569.2,45450.3,496164.1,428474.9,252085.9,557845.8,334001.3,132980.6,154302.9,371365.3,399437.4,307298.9,264407.2,227554.7,114468.3,480035.6,456374.5,235902.8,369123.9,556923.4,203851.1,566765.9,575363.6,323743.6,388722.9,132890.8,277783.0,-13337.4,312376.4,420845.8,407509.8,150305.3,443011.4
11:00:00,209746.4,304843.6,34249.7,584667.8,368585.9,516291.3,-13385.7,273190.0,356196.2,65969.5,73156.6,9762.9,647711.2,115428.8,655898.8,476945.0,524622.0,584039.7,458658.3,323582.5,381123.8,294938.8,551900.7,182678.8,202725.6,140024.6,467244.5,-53476.2,681184.8,220036.4,258456.5,426521.3,161407.2,721753.1,153001.7,470239.2,386343.5,495710.5,218497.4,584753.3,643306.5,535456.5,111294.9,256917.4,488623.6,596051.4,186887.5,407163.2,289322.8,73768.4,81856.0,393698.8,-16696.1,305822.2,299919.6,129969.6,396232.4,265526.4,441638.5,511627.6,137877.3,110988.4,247528.7,114204.0,207262.2,296688.0,468400.9,163905.2,55946.3,489166.4,413713.4,216676.8,557178.6,345096.8,95850.7,152231.0,386247.1,371570.8,326163.0,262586.9,248284.2,138564.4,469632.3,473044.4,220972.1,386815.2,535440.7,224171.4,561927.1,613482.0,320608.1,360174.6,122205.4,312021.6,-12144.7,334025.9,454404.5,421164.5,157313.1,435083.5
11:15:00,197415.7,227255.5,37932.1,493212.4,329710.4,474483.3,-15678.0,243030.8,414553.1,53257.9,81934.1,-65153.8,601065.8,26319.9,606978.6,445493.9,547068.5,537335.1,497701.4,240202.7,384011.3,279493.4,570605.3,71152.2,210017.1,108788.7,383079.1,-36808.1,611403.0,181396.2,254956.5,381416.8,94773.9,631368.8,147375.7,498556.5,283384.7,410849.2,145189.6,501187.2,595442.7,494358.8,115058.4,219383.2,403639.7,499152.8,156514.9,350175.5,350436.8,21478.4,44578.8,460078.4,-32969.0,200482.0,249813.6,35759.9,338726.9,309973.8,405562.4,439355.5,187505.6,115049.4,169890.3,78343.6,156974.6,245674.2,384393.6,103960.9,29029.3,480744.8,341568.8,154499.3,504447.0,317190.6,3530.6,181209.4,350474.7,336846.3,355483.4,222320.5,227335.1,95470.7,529571.1,459827.3,156808.8,412982.6,451854.2,164718.7,485757.5,599272.5,243655.1,275815.2,70307.3,305872.8,-71193.2,290831.9,465731.4,351138.9,103028.3,324035.3
11:30:00,152770.4,225326.5,23078.9,493763.4,288393.0,416505.8,-44282.8,219004.7,365171.5,40271.0,64781.3,-78815.1,547113.5,49168.6,581749.8,401505.0,538375.7,515515.6,424472.1,239904.2,355612.1,254495.9,539889.0,53451.6,182051.5,85933.3,356024.0,-40709.6,587726.1,179450.2,206224.7,339987.8,43355.9,559128.8,131463.9,463114.0,246869.8,446892.5,101480.1,503776.0,523599.4,429658.1,58412.1,171069.2,420986.9,506770.2,108265.4,349031.0,284136.6,-18417.4,-5556.4,403717.8,-42963.7,202519.0,264373.2,28186.1,355210.6,257366.4,347921.7,461554.3,139590.6,86607.9,116181.9,32704.4,151633.3,212504.8,369113.0,79217.8,13636.9,428868.8,362908.3,151234.6,474033.5,298403.7,-1489.3,129642.6,336475.9,343126.0,294806.9,168714.9,182360.0,36402.0,483775.5,394167.4,139807.4,366829.7,438690.6,108834.0,501080.6,507695.4,208306.1,289943.8,43615.8,256884.6,-57502.8,242384.4,396186.7,322678.0,53045.9,362060.8
11:45:00,176386.7,201794.3,27693.9,503373.0,281704.1,395396.1,-89842.1,226128.8,363935.9,49820.8,61913.1,-41038.4,562017.2,-4798.6,553936.4,405721.5,522233.1,525790.7,425046.0,245636.6,372096.2,273886.5,514606.9,36050.7,190540.0,91792.5,341938.9,-38821.0,555211.4,182949.2,229222.8,293486.1,82528.6,545041.2,138366.6,473633.0,218549.0,397623.4,69449.7,496008.5,542237.5,481825.9,58666.5,130133.0,393791.0,447609.2,116017.0,278431.1,282698.7,16644.5,18618.1,400306.6,-48006.9,147502.1,242022.1,-5776.6,336643.6,272571.5,366254.0,370026.9,140496.3,85120.6,97162.7,40705.6,178296.7,228807.6,330467.9,77795.6,14351.9,428707.6,301775.1,151305.0,465484.5,284496.7,-5586.3,149299.3,335471.0,326675.8,304539.7,198994.8,202706.5,71880.6,487166.1,394784.0,105329.9,375034.8,394289.9,146993.5,484747.8,531692.0,195982.4,236209.5,3057.9,266830.2,-57787.0,294220.0,406065.8,312996.9,107327.5,323284.9
12:00:00,196930.9,186158.5,52659.3,465039.3,304766.7,444118.7,-11341.5,236922.0,417525.2,50619.6,104609.8,-74714.1,560276.9,-20201.9,535259.1,452763.1,520126.8,521271.3,473095.4,245241.1,396413.2,284487.6,553748.9,7276.6,205222.4,106567.3,349587.7,-21125.1,538292.7,145982.3,241357.3,316837.7,96074.6,546368.2,155938.4,477042.0,215990.4,407819.1,89696.4,495648.7,550657.1,480379.3,118630.6,128765.8,369490.6,479790.9,92073.3,304737.6,348511.5,8235.0,19403.7,455387.7,-47382.5,158859.1,205537.8,-39277.4,347371.3,321392.2,400030.2,365080.6,184339.4,90158.4,53958.7,86092.9,156917.8,243101.4,363217.9,86745.4,48267.6,472428.5,288614.1,139739.1,492818.2,284994.4,-30115.9,176273.7,378779.1,323243.2,348720.2,203904.9,212040.0,64422.9,523805.7,469256.5,129313.4,393117.0,387541.8,178353.2,481100.4,548832.7,176035.9,195996.4,32852.2,282256.1,-59068.0,303879.9,446393.1,363824.5,57286.0,297627.6
12:15:00,189521.2,281682.0,66998.6,530773.4,366524.6,492475.6,19885.7,275714.0,426930.1,47288.1,120110.3,-29070.0,564921.3,76828.5,600235.0,448164.6,556169.3,549047.3,475056.9,305624.5,404773.4,286465.2,581807.5,87122.8,201441.3,98193.7,425599.1,-25957.1,600749.3,224168.4,278636.8,387440.2,112199.5,570600.9,151344.8,489986.2,283075.9,487806.2,117591.5,550540.5,580851.5,483726.3,100376.3,198404.2,425852.2,529651.6,184285.7,391131.4,347362.5,11316.2,66732.1,460993.5,-44675.2,269986.0,313711.9,53067.6,414394.6,324832.5,437202.9,464252.1,196711.5,110078.8,153959.5,85146.1,181220.8,322063.7,420603.9,105921.1,53415.0,484749.2,404381.5,175590.5,544752.3,335176.5,35276.8,189823.0,399145.5,398062.2,324346.8,255419.1,218893.4,116814.7,539489.9,479124.7,218638.0,389282.4,443995.8,202754.5,530727.1,585052.8,250119.6,345020.6,83879.1,291641.7,-57384.9,353658.3,440969.5,380966.0,98912.9,354354.1
12:30:00,184230.1,301304.8,48565.3,634471.8,347896.5,454919.4,-23788.7,275679.2,380626.4,73140.8,96832.4,37899.6,595990.9,139558.7,668743.4,432965.8,556786.7,585533.8,468764.7,305739.7,391506.7,280081.4,577621.4,181442.6,210486.9,111964.7,486419.0,-20143.1,664549.6,224918.6,274334.3,436935.0,121514.3,658885.3,150473.7,493997.7,323905.5,527639.4,181384.7,587563.0,588208.2,494210.6,88326.3,262421.9,444891.1,584195.3,151671.1,454341.8,305762.9,50707.4,63089.5,421539.1,4146.5,270427.5,367978.2,151582.2,385401.3,287830.5,395242.7,519772.5,171858.8,122796.2,211846.9,72728.7,215511.0,286899.9,485544.8,99471.1,80412.1,469462.1,412930.8,198581.1,528488.7,350553.3,134621.7,165303.6,377912.9,398246.6,311455.3,223988.1,246540.2,115238.7,511854.1,447495.6,249160.5,404777.0,551132.8,169164.1,555256.9,607835.6,295222.1,373894.6,103487.5,284863.9,-8346.7,367154.0,439066.9,339223.5,136893.0,432177.1
12:45:00,193650.3,279670.0,62283.7,604837.9,324759.4,450277.6,12843.1,275710.5,373253.5,100994.7,91385.8,20938.0,628938.3,113567.6,624223.7,442570.6,531811.8,547943.2,466729.3,297476.7,371704.1,299300.9,521532.4,158815.9,227355.3,147107.8,444837.3,-5842.7,618665.6,218363.0,260186.7,431659.9,129237.2,649514.0,167328.2,477390.2,354557.7,488362.6,158548.3,549407.3,593758.2,512232.1,97005.4,217304.1,463628.4,554730.9,146508.8,419071.9,314604.5,62177.8,67891.1,407298.2,7542.1,245790.1,327896.1,120317.5,409348.1,273297.2,395529.3,482740.3,155979.5,122788.2,178853.8,109149.9,215836.0,275870.1,433046.2,160623.2,71892.5,475859.6,394736.9,197301.0,522761.3,360857.5,62916.3,171095.6,387710.3,391461.3,335718.7,228503.5,233523.7,104403.3,505423.4,445463.8,225672.3,397247.6,504891.0,207860.1,542750.9,556499.0,276059.3,301775.2,86011.3,307439.3,23319.9,331909.4,424888.9,388435.0,137469.1,427685.1
13:00:00,221489.3,246996.7,106256.8,561341.6,326771.9,492336.3,31357.1,248864.1,428376.6,124352.3,145662.3,9655.5,603928.1,79046.9,592388.8,422916.4,568585.0,532381.9,480262.6,274281.0,410147.5,305839.8,581054.2,102721.8,254226.1,134254.3,431980.3,20065.5,588892.5,238841.0,266793.5,329329.4,150731.6,588763.0,215277.8,501452.1,287548.1,449213.8,126440.3,510940.1,595457.6,487228.0,136711.1,184301.7,459142.6,480914.0,174699.8,324677.6,374722.7,59566.6,78281.6,461319.7,41477.0,226047.8,256678.9,87473.8,400739.5,328528.5,402454.6,432708.0,224428.8,172788.1,168330.3,128501.0,188599.8,315018.5,366465.9,178227.2,109389.5,463257.4,322594.8,167865.5,531385.6,318228.3,8256.0,207636.1,404028.2,370804.6,377733.4,278509.2,265089.5,125355.5,543758.8,481628.2,164555.1,430531.1,434622.0,209579.5,506119.5,548556.7,244106.7,282647.7,63599.4,330769.2,9411.2,342005.3,445112.2,408888.7,132153.6,351697.3
13:15:00,219763.2,167940.3,102042.1,440600.1,295223.0,434410.1,11717.4,254058.1,424264.0,100205.1,159757.6,-64343.3,505329.2,-1711.1,485246.9,426143.1,579144.7,553651.1,465908.1,200953.5,418665.9,309815.5,578332.0,-11004.3,245465.9,89945.6,280127.5,30865.8,477948.6,141851.7,262197.4,224084.1,88769.0,464144.2,207995.5,518081.6,166167.3,362408.7,25469.3,411230.8,539496.0,487076.5,124812.0,127127.9,398059.5,407480.5,118115.6,272801.9,350219.6,16813.3,29894.2,463003.1,38139.4,136838.9,191989.8,-17881.6,288016.9,339662.1,374264.7,349063.2,226302.4,173115.8,13394.8,104505.6,184730.9,243082.5,291309.4,26582.4,83244.1,453665.6,268578.7,111969.6,496581.2,324238.8,-29599.4,228602.2,391998.4,322830.7,348163.7,212297.7,255372.6,104089.8,559687.6,436916.7,74392.0,418116.8,329993.0,163289.8,439856.1,543341.4,130166.0,207086.5,2982.3,321605.0,-30293.2,343991.4,458141.1,346586.5,86794.1,306769.3
13:30:00,213868.0,135798.7,136776.5,371662.3,245975.9,366081.4,5156.9,298383.9,447374.6,118492.2,158196.8,-54355.5,479103.7,-25848.9,462348.1,442395.5,586895.1,551102.9,488188.0,187738.5,405648.5,303787.9,555948.6,-37172.0,276938.8,140277.8,266121.6,68352.7,456390.7,126963.9,246348.9,211012.8,70414.2,442465.6,216990.9,536611.4,167839.2,293450.4,-2565.0,377149.3,509654.1,521849.5,131589.6,83322.4,338680.0,359036.5,84312.0,238732.5,392164.7,16506.8,-25162.1,487886.5,28607.0,91678.4,180063.3,-19046.7,254916.6,353916.9,375885.3,312734.6,249389.6,168993.7,14978.7,116234.9,212555.8,208394.5,282081.0,43882.9,87929.9,420589.5,236186.8,113144.1,399936.1,359840.3,-55941.1,236206.0,397771.3,270270.4,381447.9,178342.5,254696.5,78869.4,579597.8,409227.9,88344.3,438497.6,278340.1,163589.9,403900.7,534134.9,113437.0,151517.2,-20612.9,352884.7,-6704.1,275766.6,468235.2,282502.9,44632.1,256584.9
13:45:00,177913.0,111032.0,119449.1,329319.3,229295.6,366781.2,-16721.6,230138.8,444789.5,64101.5,149491.9,-74572.6,465237.9,-56335.2,455986.2,397170.3,513524.5,458928.2,441811.3,183991.5,365114.9,282310.4,503267.0,-95178.7,228344.5,101622.6,234589.5,47867.1,423176.3,127197.7,201263.8,138388.6,57060.9,409325.7,188978.1,472636.1,118387.2,297608.9,-31333.0,388451.7,484160.0,449732.6,73657.0,42791.6,367572.5,316293.4,88803.2,186122.4,383267.7,-8857.5,-29224.7,493972.2,-9560.0,39902.8,186893.6,-110997.4,287067.5,343241.6,334497.7,287328.8,229965.5,119353.4,-24963.9,56470.8,159468.3,208658.0,237102.3,69163.6,55636.7,424349.1,191594.8,80760.4,399445.3,294503.6,-135015.5,234800.8,345240.1,264091.6,338551.6,149863.3,207157.2,30796.3,544931.1,397961.0,39572.0,405827.4,225222.0,154892.9,383119.8,483554.7,51973.9,133358.7,-35588.4,300083.6,-25359.1,230346.2,422089.3,292816.8,8685.9,228281.7
14:00:00,186276.8,111194.2,134667.6,294833.9,231412.5,344340.6,2577.4,161946.4,417116.9,91195.9,163453.3,-96942.3,429038.9,-45195.4,394757.2,363803.6,482814.1,444201.7,406038.5,178611.7,364480.9,250864.3,483721.9,-117242.3,211531.4,47224.4,181056.1,71573.3,375002.6,84674.3,202419.0,120995.3,40064.2,365782.1,174912.0,464818.7,112743.4,263074.9,-20063.0,344495.7,445151.9,393987.1,103573.1,70118.2,332969.5,304756.5,72545.9,175958.5,344762.4,-33910.1,-41368.1,444959.1,27324.8,39806.0,173648.2,-94416.7,249728.5,326790.2,302372.2,275580.1,222272.6,115792.5,-38339.4,32220.2,107744.5,147417.0,213898.8,27302.0,65225.1,411999.2,175355.5,63402.3,391277.1,217527.8,-107283.2,214668.2,297349.7,218735.2,316984.7,111308.9,175103.1,37435.8,526709.4,358757.9,35913.3,375607.6,209007.7,121082.8,378402.0,436817.5,56405.7,132149.5,-66995.3,295504.0,-53255.3,238128.3,392243.5,282623.7,2694.5,227312.8
14:15:00,191575.0,74358.3,135526.3,311125.4,219499.1,334883.4,10578.7,212381.7,426317.5,98833.4,165322.2,-109907.3,401542.3,-47115.9,363830.5,391021.6,526509.6,473361.2,439583.4,137900.1,361412.7,271890.8,494816.7,-109163.9,227897.1,78142.3,187048.5,60498.6,384512.7,77033.9,201000.0,144322.7,47872.9,358230.3,187836.3,489942.6,102104.2,255321.2,-28586.2,332147.5,433781.3,456350.3,113229.5,17831.4,316152.2,317079.3,54161.3,178542.9,386233.2,-11763.3,-39783.0,467013.8,38254.5,45245.9,99154.7,-112205.3,223117.9,347887.5,283665.0,264068.3,221196.3,138007.8,-31788.1,82064.6,159862.6,172648.5,218646.1,-10456.7,49338.1,379466.9,150809.2,40340.9,374637.7,284049.8,-111685.5,245655.2,336708.2,203681.0,346846.3,126377.8,207056.5,40627.7,556909.9,353777.4,-2421.8,397515.9,234591.0,141449.4,368252.4,440363.2,19456.5,112518.7,-88606.3,302597.5,-10126.3,223187.9,429920.5,262542.6,-680.5,190346.6
14:30:00,227986.7,78898.6,169124.0,321837.1,230931.7,353933.1,47890.6,268639.2,469231.9,136602.6,206018.9,-81277.3,445333.8,-56437.0,410764.0,424575.8,564847.5,537222.7,491180.6,170006.0,411477.7,325161.2,552585.9,-66111.2,267689.7,136625.2,223573.0,97843.8,388963.9,119543.9,246727.8,167957.7,99345.6,390022.7,232233.1,513747.3,120080.6,270956.5,-15670.8,316273.1,460013.7,503328.8,151357.1,38163.6,323486.3,313215.7,87376.1,172303.6,416800.4,4181.4,-12800.3,507483.5,46129.0,55247.8,124485.3,-96213.4,251398.5,382417.5,340827.1,267222.5,291821.9,175149.2,3685.8,110660.7,206341.5,217061.9,215246.6,39913.3,98068.3,430485.0,172496.5,85475.5,372554.0,338647.8,-118184.1,270140.3,393415.2,246970.7,386219.4,155980.8,249926.0,62424.9,596245.6,388496.5,22981.9,443036.4,244590.3,140944.3,374282.1,508104.6,56579.6,126192.3,-58017.4,345842.9,19525.2,259074.7,464422.9,268874.1,35199.7,206338.8
14:45:00,202557.6,98633.2,171775.5,276962.0,200941.9,330562.1,30540.6,213333.2,451662.5,115354.2,206445.2,-36845.0,430921.1,-53452.2,402850.0,354329.4,506281.4,444590.5,440385.6,186853.8,368532.6,293519.3,499314.3,-94035.0,243836.9,90030.9,196182.8,86675.0,360793.0,121803.4,195159.4,142403.0,53189.8,332167.6,190422.1,476920.1,117231.0,287235.8,-22139.7,335331.2,437352.9,412622.0,119056.7,35960.2,334822.7,290449.3,84144.1,163594.8,388276.9,-6766.7,-19217.9,484697.0,32700.3,40702.7,141668.4,-114793.4,257642.8,360544.4,288532.1,283119.4,267090.3,152264.3,-2549.1,59142.5,151172.3,177050.5,203630.9,58410.9,79955.7,407107.3,199847.6,89690.6,370817.1,282853.0,-114793.4,282092.5,309647.6,229693.1,341376.0,131092.8,231968.0,50521.1,560516.6,339464.8,61626.7,398209.1,209816.8,124044.0,358827.0,432564.5,46213.3,120731.8,-30929.8,317444.8,-12731.9,216088.3,428337.0,257101.7,37496.0,233080.6
15:00:00,194344.1,91376.0,124473.9,253771.6,180221.7,297440.0,9640.1,168132.7,402294.2,95458.9,173727.6,-67778.9,384946.8,-56082.0,366918.5,323957.8,468173.6,414200.3,397419.7,117134.3,330982.6,267955.0,458786.5,-114073.7,202607.6,76289.5,140051.9,83202.2,345162.3,94145.4,177018.4,105397.2,49343.6,334487.9,162540.0,436038.4,77585.6,267135.0,-34039.9,305145.1,404499.9,391155.7,102706.0,-7593.1,304269.0,292934.4,49527.8,160836.6,329672.0,-2505.2,-26731.9,424689.8,27840.3,38871.6,117085.8,-138407.4,208552.3,325705.6,278066.9,238880.7,214701.4,135304.9,-39681.9,53913.8,118921.7,145369.0,189185.2,33274.1,62449.3,358856.1,165105.1,45252.9,334811.3,256229.5,-108915.1,226734.2,270500.8,204981.4,312565.7,104791.4,194117.0,49308.5,495424.1,340735.9,16601.7,351536.0,188952.1,121221.4,325006.3,419215.7,23214.5,98048.5,-74876.9,284579.7,-47910.2,219308.9,383660.2,226212.5,-357.1,191913.7
15:15:00,187230.5,50421.2,119522.4,228646.6,152655.8,276490.7,3541.1,200082.1,395514.4,112153.4,152019.6,-97158.5,365298.3,-89009.1,372285.2,348380.0,501619.3,427190.4,406879.1,94474.8,335889.2,274043.9,471188.3,-114532.1,227769.3,87603.2,122919.0,60260.7,329516.9,76076.7,166461.4,105795.4,52103.2,316273.4,180252.6,438817.9,71593.2,224501.2,-55910.1,257160.3,385538.1,373956.8,127374.4,-10274.8,256206.9,260598.8,37844.8,155985.5,357699.3,-14252.8,-47035.1,427874.1,24133.9,31587.5,82568.3,-140824.8,186656.0,317555.8,282199.6,218460.7,226787.5,149623.9,-61749.6,97936.2,162850.7,133225.8,160014.5,16596.3,57962.4,345350.8,149574.3,26911.1,306424.6,280061.5,-121909.8,231018.0,295105.6,184581.4,334589.8,111877.4,206795.4,51554.4,516204.4,345883.0,-24052.2,376202.5,172873.2,98122.6,280864.1,418862.0,24995.3,76826.2,-90462.0,279948.9,-45427.8,209847.3,366251.1,205861.3,-8171.4,155145.8
15:30:00,139768.8,43513.4,116445.4,232132.6,156629.1,254125.3,-27899.5,174373.9,366802.1,80327.4,140824.5,-106881.9,349300.6,-95254.9,346721.6,310674.2,444384.9,402888.9,350460.4,119451.7,306281.5,215743.0,437000.6,-90480.7,180119.7,53073.5,151748.5,33440.6,303309.0,64850.6,135627.8,120297.8,32060.8,301659.3,140185.6,386393.5,75449.7,215882.2,-50238.9,248324.1,371423.5,334893.2,77997.8,-10428.5,263911.9,234970.0,22543.1,140577.8,324612.2,-48077.0,-45735.7,419890.1,-6504.1,20971.2,83284.1,-108860.5,195080.6,296796.9,266504.9,220988.0,210770.6,111955.9,-53104.9,36038.8,123248.7,127646.9,160838.0,-3262.7,57251.8,322915.4,132605.4,42740.7,299615.3,227213.2,-123519.1,194757.7,261145.4,195526.1,289272.2,96158.5,161329.4,33661.1,462573.1,293071.8,12443.6,336744.7,195829.1,77352.9,276872.0,402079.7,44306.5,75601.6,-87594.4,247798.9,-57148.8,173356.8,337582.6,187739.2,2339.8,137273.4
15:45:00,101159.1,25254.0,66018.7,190921.3,137181.4,236249.6,-44812.9,89925.1,305258.7,20077.8,91586.9,-113351.0,320251.5,-91639.9,297268.4,269359.8,367313.3,322607.7,314697.6,87375.1,239019.8,181674.9,365746.1,-137338.7,119132.5,2277.0,109927.1,-4288.8,263051.0,22993.6,87867.7,84331.8,-27103.5,257156.6,94166.2,346072.8,29546.0,197038.9,-80693.4,254572.3,324949.7,286538.5,43430.0,-31331.0,229421.3,221225.2,-16802.7,109129.2,237003.2,-90246.8,-81105.1,338615.9,-36936.1,-7048.6,70998.2,-146980.6,165937.6,215072.4,207169.1,186015.2,135724.1,49492.7,-94758.8,-34656.1,36463.1,99076.1,122900.8,-34785.3,-727.3,287446.1,124062.9,13083.9,283960.4,165399.5,-149270.9,140590.9,200049.9,165829.7,231108.1,48101.6,117511.1,-49959.7,401994.4,253855.6,-4426.3,275047.7,145395.6,15099.7,257032.6,312000.0,-5420.7,33918.4,-88904.2,185608.4,-100885.1,137830.1,304924.1,174630.3,-30957.4,136940.8
16:00:00,124718.1,1651.0,40418.5,147163.8,98115.6,198637.0,-55659.3,108916.5,294233.1,14241.8,80281.2,-139632.9,278198.3,-123069.3,260137.7,250403.3,368502.6,317583.1,307393.5,38364.3,251576.1,197258.8,360135.3,-181143.5,138896.8,8138.7,66472.3,2009.5,236677.8,-6564.0,88418.8,29121.6,-25480.5,212472.9,103174.2,323534.8,-11213.1,158838.1,-108936.6,227380.8,305079.1,280867.3,46884.4,-58197.3,166191.8,189274.0,-15768.8,71144.9,235877.2,-87642.3,-108736.9,312977.2,-36097.0,-32789.9,36412.9,-190272.2,120484.9,239608.1,172877.5,132804.1,131756.3,69621.7,-121067.1,-11609.7,70076.2,59223.1,101078.7,-61880.5,-5949.0,239395.1,96126.0,-31484.0,235645.5,161175.4,-153212.4,147917.6,186773.0,117936.5,225417.4,14419.9,123173.2,-37530.2,380552.1,235032.8,-54332.6,271596.8,93209.8,34698.2,213768.4,294984.2,-51229.5,25584.0,-127414.3,204213.6,-118397.4,133321.9,290818.1,132916.9,-65412.9,100781.5
16:15:00,111141.6,-18568.5,87641.6,142297.9,95106.4,180807.8,-51264.4,137714.9,335165.3,45894.6,107427.7,-129243.1,246817.4,-129554.6,234395.8,243289.4,393823.2,359676.0,320154.8,46986.9,274034.8,183887.6,382396.1,-170037.6,151673.9,31942.0,75995.7,26800.2,230694.2,406.2,103022.9,35210.2,-4170.0,196213.8,111910.2,355037.4,-3987.4,129300.7,-107407.0,184030.1,279935.9,298560.4,55858.7,-43906.7,165462.6,159206.8,-14322.0,66926.3,309887.9,-54723.1,-104255.8,370324.2,-22485.2,-41378.7,17426.8,-175168.9,100696.1,265158.7,201968.2,125462.1,192168.7,84041.2,-99739.8,47136.6,108223.2,59987.9,111901.0,-65796.7,22158.2,227574.8,64251.5,-5486.3,200111.8,194611.8,-174170.2,178816.0,229031.8,97911.9,247103.5,23803.5,142190.1,5935.6,423794.0,241112.5,-49635.8,299731.7,98091.1,43922.7,193837.3,335626.0,-36564.0,20439.1,-155469.6,212698.8,-73661.9,140223.8,294589.7,118085.7,-62590.4,72436.6
16:30:00,140500.2,40112.3,149729.6,182595.0,160888.4,223683.2,8609.9,154703.3,345393.7,90241.6,175445.6,-76708.7,299563.8,-60020.6,273105.3,300970.8,391338.9,351484.1,319241.2,116295.5,282286.9,206188.3,379350.5,-99624.1,176938.0,66951.9,122654.9,89506.4,247395.1,30428.9,128667.7,81941.0,43664.9,220576.0,142115.1,367040.1,51979.5,184604.9,-30401.4,223023.1,318117.7,309045.3,78530.2,14871.5,228516.7,206802.9,26927.2,122348.9,298662.8,-15682.1,-36613.0,379004.1,45483.5,33721.3,80355.5,-106730.4,161994.3,268506.9,231616.8,178899.1,215597.0,115706.1,-48253.9,50637.3,114839.8,123842.5,126579.4,1710.2,61255.7,284627.1,121458.8,39057.6,264273.2,210322.4,-123640.5,203178.0,258781.0,170419.9,280805.0,70992.8,163003.7,26845.8,441984.0,262701.0,24562.2,314224.4,139050.0,61683.6,244872.0,343668.9,20806.3,63387.7,-79774.4,225191.9,-16523.5,172180.8,316132.4,177326.7,-4349.8,134113.2
16:45:00,177363.0,59597.8,119453.0,172596.2,181804.8,225165.8,56048.5,153075.4,315209.3,94906.4,153528.7,-52336.6,292942.2,-43128.5,258632.3,294227.1,356431.2,307342.1,313908.8,114345.2,295543.9,227394.3,344949.3,-74491.7,185205.1,75740.3,118265.2,85458.5,231628.6,59846.8,164872.6,100240.8,54015.5,216226.6,145106.2,331986.2,62998.4,184003.4,-14708.0,225442.8,306302.0,289432.9,117135.2,17443.7,233292.5,188133.6,53576.5,119112.3,261045.4,15292.4,16380.2,321935.2,67702.4,34256.7,104357.2,-84282.8,161662.9,252201.4,209450.3,166565.4,175130.8,118412.2,-43125.2,53757.7,116774.6,125296.4,130034.2,24054.7,71936.9,300504.4,138539.3,47135.6,269362.5,209789.9,-71261.8,184670.2,219726.2,180924.6,272019.9,104960.9,171343.7,53576.8,383703.6,249867.2,27915.7,299397.2,152160.2,85643.4,233410.0,296502.0,40093.8,69918.9,-68835.5,235060.2,-11401.4,195494.9,300023.4,197761.4,38156.0,161593.4
17:00:00,229550.7,122260.6,172291.2,199142.8,190177.4,247892.2,80464.6,204370.2,380463.9,158137.0,206238.4,-3441.0,299941.5,10817.5,273617.0,295067.4,416238.2,358927.1,358206.8,154626.7,320144.5,287844.6,408300.1,-28223.4,269157.3,141944.1,133084.5,119408.3,271892.9,103443.1,202482.3,114813.0,96038.2,236062.0,240028.0,365759.1,82511.8,206055.1,37631.0,267391.6,329723.4,310803.2,159586.4,66771.3,228757.5,228657.8,115233.5,129023.6,354398.9,66305.4,26837.8,390134.9,112141.1,68696.4,137591.6,-49209.3,193119.7,354162.9,249207.7,183554.4,245729.8,209084.8,10979.2,138140.1,179868.1,150083.4,152936.5,71828.9,136206.3,293350.8,169683.5,109387.4,269231.1,231233.5,-38741.6,266386.8,253361.9,191875.4,329659.5,122914.1,228281.4,105300.6,424631.1,278516.5,60102.1,358316.4,153889.2,154304.2,259567.7,339630.1,51875.7,125338.4,-11804.1,324404.3,24044.2,227646.9,342370.2,221304.7,51175.2,167513.2
17:15:00,177790.6,129090.1,150285.1,249876.1,154660.3,235567.2,91083.5,196241.4,330141.9,121642.3,177287.0,34943.7,302254.6,45062.0,321466.0,283613.5,391880.4,354608.0,315322.8,138644.5,300045.5,248293.4,373402.5,37444.5,201291.8,138996.6,189102.3,120985.7,304322.2,101412.8,177392.8,176426.7,120790.0,274379.1,189406.6,346484.1,140998.5,248863.6,79230.2,292038.4,314509.1,319954.3,145423.2,102893.6,230178.3,274090.5,99081.0,198291.3,286737.5,88659.7,45446.8,358138.4,86838.1,117762.5,143991.9,16349.8,205282.3,284614.2,254978.0,212047.2,236676.5,174333.2,85958.8,118506.3,185156.4,172648.6,205326.7,90561.7,114507.2,279705.1,194813.6,105685.0,269817.9,236688.7,-6394.1,225149.8,266548.9,197875.3,284939.5,123419.7,188994.4,112002.8,394987.3,262251.2,80734.9,311233.9,210001.1,134111.9,270844.6,351517.9,95728.0,147151.4,58390.5,263268.4,69880.3,197684.6,305605.7,199206.7,57787.2,201390.3
17:30:00,191699.7,188683.4,188586.6,267384.0,206659.4,269724.4,128683.2,214604.5,317243.9,156791.6,193362.3,69322.4,311991.1,103996.0,325710.5,292752.0,373044.8,363095.0,321966.9,164523.4,292654.6,247407.8,363461.1,84918.7,209862.2,172896.8,220563.0,140005.0,325411.3,160058.8,203780.8,226539.7,138572.5,294882.2,178580.0,330260.7,161048.5,280508.4,132128.3,304957.2,347953.6,331316.7,162300.0,148671.8,247727.5,303008.3,152611.6,256069.6,277890.8,125495.3,112106.7,322829.6,131109.6,158430.7,186695.3,79585.5,226756.5,245077.7,262648.8,264205.7,224901.6,167687.5,130436.0,152411.1,212139.4,214196.3,244582.1,117650.4,148596.1,299144.1,266890.3,147628.5,304894.0,251140.8,98293.7,209553.8,293084.2,224582.2,297106.3,180741.4,228807.2,138136.5,377429.0,290629.7,155082.4,296603.3,237241.2,155713.4,286797.4,357214.1,125063.4,176259.7,104896.2,220836.6,122047.9,224982.9,309409.1,229212.1,143650.5,250640.7
17:45:00,232796.6,207969.6,167780.7,243243.1,226356.1,287179.0,163974.7,223151.0,281326.1,175777.0,182119.6,108598.2,334473.2,141350.6,342075.3,279662.3,338581.6,336833.7,327048.9,193642.7,281210.3,259504.3,354686.9,112940.9,232768.9,183421.5,205730.3,126053.4,316053.9,213741.2,228969.6,220806.0,135265.5,288094.9,213976.1,312506.0,182208.8,253645.2,158701.9,280513.7,345760.5,279242.2,194400.3,161343.4,236172.3,268070.6,205318.1,238369.5,249964.6,152292.4,155236.0,294547.0,157121.1,161933.1,212528.1,96573.9,251666.6,253824.7,239510.5,248174.4,213127.5,212455.3,154849.8,172541.3,217575.2,219398.1,235581.8,182208.3,191565.9,288236.8,250297.4,191243.2,308149.3,249695.0,131031.4,216155.9,258054.0,254755.1,269908.2,226420.5,251751.3,169979.8,323197.1,267426.1,170040.3,283091.5,229665.0,178480.8,294514.5,313404.8,145603.2,177090.3,132770.8,255644.3,116060.0,241812.2,299032.5,241809.6,195359.2,242317.8
18:00:00,277712.2,229892.8,196776.7,253985.0,243051.9,289172.9,190037.1,265386.8,313653.4,221693.6,221897.8,178219.3,342294.3,181332.1,355584.8,322808.3,363348.9,356776.0,344209.5,255909.1,324277.7,295988.6,369984.9,143499.3,272198.0,245696.9,241582.7,181566.3,311495.7,231022.9,271799.7,238067.8,210080.1,298183.0,255733.3,354597.7,204940.5,270026.7,182046.3,291144.7,351984.5,326561.0,240462.1,188518.6,285279.7,304522.6,234826.0,236136.0,304532.8,231838.6,210494.7,322328.1,215803.1,183125.9,240652.0,143250.0,257058.6,289970.9,287467.0,251952.7,259667.2,241318.9,154307.9,242025.6,267447.9,239358.2,240820.8,219966.2,229043.0,324338.2,255076.3,229385.8,309601.1,287922.7,159978.1,249465.3,295078.1,280686.2,298082.6,246716.8,297934.0,230946.2,337373.8,309162.8,207033.5,328100.2,248206.9,223377.6,312798.0,353378.3,181677.8,204425.1,162417.9,308041.0,196206.7,263740.4,336642.2,281372.3,220805.6,284052.9
18:15:00,248165.5,264381.0,210935.2,305136.0,269842.5,305881.6,196876.5,277191.9,268767.6,210003.4,224198.0,232531.3,335372.1,218807.7,341263.2,319202.6,324083.7,330571.0,297479.8,281747.5,275611.6,276377.8,316624.7,228561.1,247679.2,250171.6,300571.9,198012.5,313343.7,254196.3,269816.3,284243.7,235249.2,313680.0,232044.5,286474.8,253271.0,327024.7,230567.6,365229.9,345664.9,316919.0,219614.5,224591.8,321903.3,346574.5,233789.2,252561.7,254895.1,224435.0,231671.5,275390.9,189796.9,228333.9,253810.0,186183.2,304252.9,252609.0,278441.9,317770.4,229737.9,222066.7,204432.4,236989.8,247417.7,256181.2,296507.6,251010.1,211308.5,313651.7,289031.0,264477.4,329495.9,296289.3,210123.2,243445.5,279897.6,315464.6,237328.3,251415.2,252014.1,251772.3,309120.2,300671.2,266576.0,252494.2,323955.6,242748.9,343117.6,321492.3,238216.4,246495.1,200947.8,255479.9,199425.3,267914.9,280522.6,297479.2,209838.0,305393.2
18:30:00,245076.1,293345.2,209041.1,346511.4,262734.9,268413.1,197554.4,246487.3,244341.3,191133.2,206338.6,232919.2,332482.3,273970.0,367110.5,273735.3,265476.9,295699.4,300838.6,284523.5,274596.7,257710.2,279452.2,291079.4,221715.1,226873.3,348848.5,215799.7,349713.2,274355.3,254271.4,318949.7,245929.6,340792.5,213152.4,276655.5,292372.9,349653.6,273521.4,383655.5,317060.3,288999.7,220084.3,273772.9,309728.5,365107.1,233457.9,308773.4,243611.4,226251.3,242852.4,255307.7,204238.6,296628.2,294318.1,263082.0,311691.6,231195.2,275102.6,323436.7,204091.0,220762.6,282640.4,216372.0,234448.5,259507.7,338426.3,274728.3,219361.1,285620.5,335823.9,280039.4,304789.2,273443.9,244193.6,223751.5,253265.5,295114.8,229953.4,241746.7,219178.8,224320.4,263211.8,286933.5,311519.5,255001.1,350162.2,222835.0,334029.5,284968.2,313979.1,279766.7,235127.5,230589.4,199775.0,246079.9,283431.8,260926.2,230648.8,319860.7
18:45:00,294148.7,325272.4,277687.2,351819.6,298308.6,312460.7,264215.3,274112.7,320975.8,261998.2,302683.2,278424.5,360223.9,299305.1,371229.7,280768.0,299038.2,311738.4,283138.3,332431.3,279282.1,285195.4,306190.6,333218.5,278296.6,276978.7,350362.7,268385.9,399292.5,303411.8,286101.2,323031.3,300380.2,371382.8,266498.3,279590.9,335990.4,362078.6,295305.6,365759.0,334519.8,307821.3,255872.1,298894.1,351566.3,351600.3,282701.8,300596.9,312011.1,280466.4,306146.3,301796.4,252514.3,327503.5,296279.1,283940.1,338967.3,307094.7,286120.1,349197.0,300901.7,273193.5,310448.6,277153.2,277310.8,299431.1,336326.4,325094.3,277906.1,346523.4,325612.8,302450.7,334133.4,289497.6,301506.6,302699.9,286673.4,307385.7,269587.7,270367.5,295584.8,279710.9,312289.1,318114.4,316948.9,293665.6,351022.6,276835.1,336641.7,316632.1,320267.1,301271.0,300239.5,282140.2,276319.7,287349.1,288874.3,316477.2,289348.8,326927.8
19:00:00,245287.9,299837.4,250170.5,362436.5,257525.9,291385.3,267545.6,268076.1,264958.7,241326.2,246801.5,296198.9,310796.6,287935.3,329235.2,269658.3,252117.1,262148.5,265528.6,300982.1,256801.0,227743.7,249941.6,349486.7,233233.4,257926.5,365649.0,235881.4,337843.1,311197.5,254442.1,353298.3,272174.4,334172.1,233820.0,267887.6,359670.1,333118.6,305657.7,329461.4,276224.1,282656.7,237269.8,315980.0,324463.6,330859.4,253854.7,298616.8,269921.0,262055.4,274376.1,270211.5,248044.7,313694.6,305379.5,313831.1,298492.1,247398.9,255539.6,314110.2,265827.6,247196.9,347241.0,253197.1,251890.4,292814.6,333494.5,288535.7,256106.8,306330.1,316165.7,268351.4,314113.7,256066.2,295102.5,241547.6,264882.5,292902.5,271850.5,288290.2,252712.4,286104.3,259206.4,270732.2,300923.3,258503.9,363614.6,275494.1,319217.0,273495.7,337566.5,301115.5,297494.3,240546.6,258575.5,256825.4,269554.9,302000.0,296298.6,318750.5
19:15:00,251120.5,337696.3,276526.7,372818.7,278405.2,281366.6,243366.8,248615.7,258805.6,266727.5,267928.1,325067.5,312406.2,291721.5,316876.6,274376.2,250063.9,255246.3,240432.7,329724.2,230704.7,241038.0,238875.7,354358.2,261365.0,254014.5,375295.1,287954.7,325398.9,307557.7,271699.2,341412.8,293888.1,353665.6,265014.3,269852.9,348867.5,349717.0,312386.5,328863.7,271730.3,271490.7,237494.5,295467.7,332011.5,337963.2,273057.1,327354.8,268439.3,288424.7,272859.9,260237.7,277284.6,306996.0,299277.3,306858.3,316628.5,272498.8,268740.2,329187.6,278863.1,247703.9,334221.2,251719.1,245670.5,296137.3,337020.9,255483.6,234925.8,301380.5,302699.6,291483.0,296062.9,259065.0,294154.2,261056.7,268798.1,308740.4,256323.0,293082.5,234371.2,277767.4,280412.6,258068.2,272320.6,261322.6,380717.0,278550.3,312335.5,287426.9,365303.7,297789.9,295587.5,263035.3,267661.7,284316.6,229529.2,313792.6,294370.8,302606.4
19:30:00,255684.6,310106.4,261826.3,349583.4,263477.8,283401.0,258862.6,245190.7,255273.1,260402.6,256237.3,282003.1,290366.4,284852.8,291801.0,248759.9,259894.4,234182.9,253345.9,293675.5,241248.8,256295.4,250089.9,354667.1,255399.0,239500.9,344993.9,265771.3,286481.1,262007.9,265319.3,351473.1,267926.2,354067.6,260842.9,259168.9,323503.2,333896.2,284698.3,295208.9,271355.4,247778.9,260087.9,271142.3,296754.5,316363.3,247306.2,331867.3,242811.7,287843.0,247930.1,248406.9,259455.4,313117.1,265636.0,275106.8,288697.3,254582.2,259367.5,300984.6,252084.5,258698.3,347497.0,247096.1,237458.3,276954.2,294930.4,242848.1,252147.7,270273.9,303005.9,291498.0,290232.3,244029.8,266773.6,262081.4,255353.5,274891.2,249648.7,252614.0,260169.1,259351.3,252144.0,256732.1,304906.2,253123.2,342681.0,276620.2,281936.7,275466.4,342055.8,290025.3,280406.2,256233.0,260224.2,259991.2,239364.8,268351.7,246032.5,304866.6
19:45:00,262209.9,292295.6,261789.8,332516.8,267327.0,303754.5,270354.9,254995.0,250157.6,276221.3,266268.9,239800.5,286127.2,298144.0,293894.9,277443.4,265096.2,251196.8,272432.0,307224.8,245291.2,273341.2,270348.8,335918.0,286574.2,259509.5,326551.7,261853.0,297793.2,266110.9,256607.5,366691.0,262206.0,352829.5,268826.7,254440.9,319864.8,311514.8,314474.8,275221.2,278078.6,244113.9,271411.7,314250.5,276510.5,312758.9,279658.4,341120.1,245315.6,246084.7,274205.0,257344.1,269518.9,344546.1,282323.8,318521.7,290230.3,249896.2,254664.8,323568.0,261940.5,263275.2,356447.1,259375.7,246205.9,264909.3,306081.5,271992.8,266112.9,267770.4,314473.2,269959.1,280455.8,258469.1,296650.7,266922.5,246352.6,289736.2,255429.8,282077.9,279862.4,261036.4,245062.9,288916.2,298124.6,262087.8,340881.3,254213.3,288135.4,255230.8,363666.3,322753.6,299580.2,268439.4,243835.2,253126.2,268705.3,270296.4,290320.8,302718.9
20:00:00,267172.7,279902.1,251495.0,310389.2,260811.1,280310.2,243770.7,263821.2,254213.5,257004.9,261400.3,241927.4,272497.2,292205.5,284800.7,245415.2,270965.4,261395.8,257166.4,282538.0,261472.8,272061.5,270229.9,327689.7,254552.6,247023.0,300169.1,247494.0,299941.2,255414.1,244391.2,340613.8,259683.5,351067.3,271333.1,258205.9,289877.8,277276.3,308118.3,259059.4,262581.4,240108.2,260799.8,294429.3,260469.8,311088.9,272599.5,321897.4,249615.6,228595.5,275524.8,246936.9,258883.3,318931.1,274651.8,335833.5,275546.9,253473.5,245605.4,306771.6,258951.1,264080.5,314324.6,254062.7,259958.9,248985.2,291802.5,262426.0,268756.6,237120.7,267705.0,273641.5,261766.8,256408.5,317662.5,254534.0,247204.1,288959.1,246748.5,252464.6,267619.9,233691.3,265305.4,246369.5,289288.5,256961.7,348936.3,241295.0,292079.9,260423.3,332987.0,310021.0,272351.8,255190.5,258584.2,253801.4,254143.9,261969.2,254556.3,272618.8
20:15:00,258024.8,280649.0,247038.8,307702.7,241643.0,240281.8,240559.0,264815.3,262197.9,251846.2,245255.1,255250.1,294556.6,269293.1,276106.0,249138.9,263464.7,257726.9,223244.1,289831.6,267159.5,264193.3,270915.0,302709.4,254621.6,233510.5,302196.3,230486.2,293839.0,262904.7,248089.7,333889.2,228963.7,310987.8,259504.1,238792.0,310824.5,297699.3,307805.3,279291.6,249923.1,241544.5,251238.7,315817.4,291607.4,313079.4,248378.2,319835.2,257663.5,236988.4,230146.5,245737.1,237097.1,301849.4,284988.7,334642.6,288749.3,255955.1,243794.3,327205.0,243784.2,273275.2,308338.4,245313.8,252668.2,244331.8,297363.5,276848.5,248259.1,231844.3,298544.6,285885.9,236329.8,257608.9,299122.6,256147.3,259291.9,287800.6,246873.0,248997.0,256033.5,251096.5,243720.4,233999.4,297121.1,261296.5,344076.3,244278.4,288896.8,247246.8,317349.5,307071.1,280866.5,264194.7,235107.0,253237.8,239867.4,242537.0,220925.2,300088.8
20:30:00,214855.6,229844.6,235378.3,296541.1,225795.3,191390.4,228754.3,222309.0,224810.9,235211.4,228563.5,226232.7,222621.2,238147.0,236290.0,222765.2,216436.0,218125.9,219612.8,227785.3,216571.7,212004.3,210915.8,284489.0,217610.9,217049.5,286186.0,224534.2,276946.3,215332.7,224659.2,307961.3,205325.5,266234.1,229154.5,220831.5,267556.8,279884.3,275880.2,258155.9,206188.4,213820.6,227608.6,278048.0,246760.7,299678.6,218124.4,278843.5,243790.1,219128.2,202000.0,242205.2,220404.9,282054.9,244463.8,297526.1,235546.5,235911.2,233961.8,291970.5,222550.2,231631.2,270805.9,211079.8,212279.0,206022.9,264666.4,224388.3,215035.1,206930.9,255089.0,224707.5,220467.1,214428.9,269861.0,242880.2,216334.2,228202.1,224911.6,200835.6,222808.0,227355.1,243948.7,216980.0,255068.9,215679.4,316771.9,220222.5,236892.1,218744.2,296686.0,277088.1,229774.8,227217.8,210890.0,217588.7,217966.2,211212.1,218277.7,261347.3
20:45:00,228083.0,227183.8,254623.8,301562.6,233772.2,226920.9,246308.4,223549.7,241570.6,248311.8,245832.8,255222.4,228725.2,239294.6,225540.4,234402.6,238855.7,255894.6,262709.7,242300.7,230774.9,226882.4,245400.8,276298.5,251969.7,238725.9,278694.7,267428.9,256950.5,236173.5,208207.0,300627.8,215050.8,277394.2,221738.8,236036.5,270072.5,232406.3,267226.6,241489.0,212152.5,234144.6,238481.2,265617.6,231904.2,279014.3,230334.8,266284.4,252776.7,229930.1,222285.0,248721.3,261017.6,274304.2,244052.1,290632.0,240042.9,257045.7,231139.0,264848.9,249843.7,232422.9,272488.3,245633.6,231044.3,222112.0,268792.0,234585.6,250731.8,233743.8,254335.8,226986.9,236167.3,235369.3,253427.1,244161.8,234548.4,250700.7,249427.6,234344.0,239029.9,239737.2,230117.1,228888.6,223726.1,244230.0,287629.1,215953.0,239191.8,227543.9,271527.4,277039.6,219812.9,248733.3,239879.5,225248.3,240120.0,216269.7,230770.9,236160.5
21:00:00,239750.2,223040.0,238658.1,270255.6,229554.5,256252.0,236565.9,232975.8,239136.0,249809.9,236337.8,232907.2,221456.5,233479.3,210670.6,235532.8,236462.6,240443.7,259166.4,217845.3,248764.8,238473.0,233841.8,278106.8,237579.0,260954.0,283659.3,239950.1,256227.2,230333.5,229918.4,270051.3,263465.6,262039.1,245838.5,253754.6,270059.4,206137.8,231484.6,220636.3,227718.7,241290.1,263719.8,238378.4,211843.3,218083.2,234439.6,238358.9,234486.6,252821.6,224673.4,245255.1,236335.6,227747.7,207100.5,285063.6,234212.2,223168.4,243949.2,223518.4,241856.9,247006.3,287971.6,247610.3,234494.1,234456.8,256406.7,226808.3,261059.7,227398.2,227693.8,245767.6,237490.8,242089.1,232579.3,227226.2,245232.7,237292.5,243003.7,236958.7,230363.6,236505.3,229483.6,242031.0,210888.1,241544.2,248243.2,244295.2,226091.8,224840.0,274031.3,227130.2,221295.2,236964.9,236871.2,232492.3,251129.6,246294.3,232314.9,232132.6
21:15:00,255202.6,243132.8,233967.1,244755.1,260638.9,243449.5,248275.2,258882.0,264610.9,239591.1,242644.1,218117.2,231604.0,211971.2,242805.1,253483.7,268441.5,265199.9,277025.2,250256.4,290109.1,263055.7,276097.2,261555.6,243548.3,258163.0,261829.0,252207.0,252702.7,242793.8,247028.0,261304.7,264029.7,252824.1,245009.9,283920.1,278388.7,214998.0,218125.3,242314.2,246944.2,279292.9,263748.6,229762.7,213706.3,224352.8,238589.0,233380.4,252667.1,255783.4,261847.3,262014.1,236479.4,223836.6,216250.3,245258.7,248959.0,248617.5,281548.7,210230.8,261706.3,248816.8,271235.6,238604.3,257950.2,255184.3,263198.3,237089.9,241638.8,238320.5,235868.6,253112.6,242849.0,271950.6,221817.5,250712.4,279958.8,232794.9,270442.7,250402.2,258599.0,226691.1,271348.3,273306.2,211368.4,261898.5,245935.6,237644.6,216679.1,288929.7,299845.7,243733.7,244902.8,245081.5,243200.6,270548.4,275477.9,258340.1,239046.5,228334.0
21:30:00,224768.1,253631.4,241126.4,241999.6,221902.5,218682.5,240359.8,240702.8,243063.0,227772.2,233751.9,230377.4,228259.7,258118.8,233766.3,218565.6,234012.0,220603.3,212650.8,241206.8,220703.6,231998.7,237052.5,229746.4,223561.0,217081.5,228536.9,243739.2,260831.1,222198.8,245948.0,227325.7,237213.0,233769.8,225151.7,215415.4,240330.9,259787.4,219697.8,230121.6,224756.1,226850.3,223213.0,226840.7,235093.4,240050.9,223969.6,228068.2,238526.6,236659.8,227520.5,232858.7,242963.7,236750.9,238328.8,243372.6,222352.4,245611.7,213201.2,236039.1,242184.1,227412.1,237486.1,244407.8,237875.9,253587.7,228808.4,221678.5,247411.8,222648.3,235711.4,234858.1,234979.8,225314.3,222306.1,235038.6,217447.6,219892.3,221751.6,228033.7,240388.4,216006.9,227489.0,217515.3,233646.3,221789.0,237270.9,231627.1,250839.9,245129.8,254673.0,236619.6,239689.5,229309.6,231424.7,233214.1,214143.7,225914.9,227831.6,225215.5
21:45:00,251361.3,240434.7,237482.5,238219.3,232884.7,227742.5,232706.7,239454.9,233364.7,230604.0,224929.4,240778.3,254172.4,209239.3,225145.7,225270.1,231284.5,234520.3,239853.4,246458.3,247053.0,240792.5,231274.5,215754.3,231082.3,242413.6,221491.1,237099.0,251020.3,209812.5,230560.8,224148.7,248111.4,244290.7,228706.2,238107.7,219048.6,238058.7,216251.0,261701.9,243638.8,250890.5,235326.8,220266.2,265811.0,253672.0,230761.1,234047.9,245923.4,236195.5,240206.6,238298.2,238748.7,232646.1,222929.4,231242.4,253933.0,244012.1,243919.5,233329.2,238178.6,241385.5,213819.4,215969.9,219539.2,222294.3,254888.7,241027.1,216781.9,245174.7,228680.8,221828.6,232942.5,233782.3,214435.7,230932.8,242141.2,236395.6,242855.6,228356.1,236797.8,238082.5,252952.1,233586.5,240796.4,224838.5,239238.3,246830.0,237894.8,247841.7,219796.0,224562.2,224967.9,232666.3,223647.0,225582.3,251128.5,223007.3,242703.7,241257.4
22:00:00,243538.1,238981.0,262456.3,237845.6,242016.8,241276.8,262382.3,221219.5,248513.0,252585.1,261973.1,238972.1,250656.7,225215.5,236811.5,248809.8,245078.3,226607.6,237235.0,230260.6,239022.6,237612.9,251475.5,236335.1,258400.6,240586.3,213875.4,252766.5,227441.8,243010.2,232219.2,255646.5,249479.2,254738.1,233877.1,249538.1,245473.6,263158.3,262257.2,260030.2,250894.3,229901.4,247006.2,224576.2,262502.0,229360.5,222939.9,242035.9,254980.1,236880.6,249418.9,252255.4,250288.2,228251.6,243396.9,231224.7,250969.7,249548.0,255356.8,262322.2,254839.3,254638.5,234961.3,225956.4,232712.8,230121.5,222021.8,232995.7,246220.3,259162.7,260946.1,254584.6,239260.4,233501.5,237624.1,246552.4,221516.8,237807.3,256386.2,226083.3,233889.8,266640.9,256031.8,241845.6,272926.0,260370.8,263772.8,240374.0,243163.6,240346.4,223857.6,236144.4,233688.1,243227.4,261486.6,243734.8,249143.3,251047.8,253401.7,268666.8
22:15:00,278869.7,267914.4,266023.3,245837.8,291498.6,286610.5,277117.8,257803.6,263687.6,270804.7,276089.6,270289.0,271168.4,264490.0,268208.9,274361.0,277892.6,284489.1,272252.4,276468.5,269502.0,271200.5,280185.6,301983.1,281224.4,280774.5,261076.9,262725.4,243830.7,283197.9,260102.8,258362.2,247234.8,259185.3,282353.0,272090.5,256417.7,263333.2,272150.1,282395.9,261485.3,259856.8,257865.0,278034.3,270266.0,249702.0,279874.6,255906.5,284369.2,274883.6,267530.8,275704.1,279274.8,276618.5,292117.8,261918.7,285274.3,279224.3,266431.1,253470.9,277266.0,265254.5,246467.8,285309.0,278697.5,277703.4,258544.6,280710.1,259618.2,271967.9,265356.5,292025.4,265010.1,279723.3,262125.6,293796.3,273595.0,268527.2,264583.6,278689.5,270441.6,291220.0,268436.8,278889.7,258833.6,277013.9,254588.8,271443.3,269764.4,262241.8,249475.8,270520.4,263066.8,270866.8,259181.6,292306.9,264675.9,309985.4,269872.7,285219.6
22:30:00,326189.9,314678.8,307711.1,261995.5,291696.0,306860.6,315240.5,340911.8,318210.8,315905.8,333687.8,267961.6,277957.0,279284.7,284464.3,321413.1,300954.4,299844.8,314888.6,313467.6,312311.1,331968.0,285617.0,308799.9,312327.0,320712.7,277795.3,296705.1,315046.3,310263.9,304810.0,276293.6,301414.7,294908.2,340037.3,292282.5,289377.1,283543.7,311768.6,284153.2,286181.7,309593.4,319388.3,309462.3,277542.3,294031.1,302573.5,276062.2,299785.6,310546.4,309031.4,309562.7,310245.2,293375.2,321344.9,301180.5,284953.1,309704.4,319480.2,289620.5,308875.7,324927.8,262585.0,325735.0,316589.3,302459.0,285856.3,327293.5,329690.8,315741.4,285175.3,298480.0,295222.7,313830.2,301455.4,315906.2,313409.0,302700.2,301650.2,304209.5,342875.7,309103.2,288245.7,310250.8,298645.9,317771.5,253331.6,302166.9,262618.6,289735.7,274350.8,295359.5,308391.7,332577.6,309944.4,305752.7,312637.6,293111.4,308312.8,288403.4
22:45:00,289413.9,286059.3,289630.2,315064.8,285473.6,284481.7,275740.9,310146.8,287105.7,295409.6,297422.4,305330.3,320589.4,340311.2,321243.8,285341.4,312405.7,298906.3,288933.2,301737.4,293412.5,284335.6,307805.7,321988.1,295347.5,306832.6,308987.4,304089.2,303657.7,299267.1,291406.0,324910.5,309247.7,298632.8,293945.2,299513.8,309865.1,297824.4,285084.8,293278.8,293441.5,308192.2,314713.2,321832.8,295445.8,292790.1,289826.2,268997.2,283869.7,290628.7,299039.9,282905.9,295565.4,281671.0,281772.8,305016.0,293769.5,279043.1,265178.7,280505.6,293544.6,305600.1,290805.7,305373.8,304116.3,300035.9,314440.2,311153.7,313595.5,271135.0,293120.7,285317.0,289689.9,287923.1,305295.4,268760.4,295273.6,297006.8,289403.4,307814.7,306032.2,317649.5,300145.8,311071.7,306917.4,296931.1,289355.1,304995.7,309036.7,309822.2,294523.7,290172.6,277117.7,287767.3,325029.8,285745.9,288108.3,264901.7,280118.7,282846.5
23:00:00,262063.9,282392.2,270867.4,268815.5,246039.2,274066.6,271749.7,265425.9,249908.2,270053.0,251227.6,254416.2,278502.9,252772.6,273658.8,261794.3,282131.5,290997.5,269243.1,270030.5,258333.0,278486.4,290359.8,255408.9,275869.6,268382.4,273569.0,265387.1,280813.9,251996.9,278719.6,260822.2,268647.1,285225.0,271814.3,252164.9,267739.6,278025.3,269319.3,260316.8,266060.6,284510.8,271982.3,271217.4,271889.5,273669.1,263664.8,268673.8,272197.2,270507.2,252626.4,252481.5,287516.1,277794.5,252337.2,259621.5,278179.2,259094.4,276372.4,264264.1,254432.4,265589.6,281173.8,268088.3,297945.0,266402.8,261493.3,268592.5,261575.5,284132.0,253773.2,245158.8,274261.3,257174.3,247601.0,265604.8,289248.6,267735.2,270946.1,297275.2,279595.7,271009.1,255694.9,268565.9,266737.1,247343.0,282390.7,269893.9,282821.4,285524.9,249841.3,268367.8,247526.9,271626.9,274925.6,247176.9,266414.1,263254.3,235604.6,252855.5
23:15:00,234273.3,255964.4,239812.3,273652.7,248471.4,252985.9,248375.2,256765.0,234731.7,242237.0,243138.2,269097.5,270825.2,268329.1,254796.8,236045.1,243630.9,231228.9,231848.6,246789.8,236421.7,228595.2,241035.3,253056.0,237535.9,238099.1,291198.5,234026.4,243445.8,248240.2,282196.4,251350.4,271213.9,270882.6,235870.1,237166.1,245046.8,236802.2,257787.0,235178.5,240201.2,244018.4,242835.3,223859.9,243012.8,237550.3,245719.6,247817.3,224029.7,241241.7,254546.0,244246.6,235279.7,248017.9,225622.8,232551.1,254282.9,229633.3,239170.9,240975.3,228145.0,252366.8,268843.3,255663.3,248142.7,260412.1,248044.0,257423.8,233135.5,248208.0,226024.2,240816.2,241840.5,237267.8,257279.1,244261.9,238594.5,242637.9,233443.3,247775.4,248384.9,231821.3,246442.1,230582.8,241161.1,237551.9,263767.2,274617.0,243112.6,248077.9,247064.0,262693.0,266678.1,222550.9,240060.1,231314.1,233659.4,250976.0,260048.9,252269.9
23:30:00,210408.9,219104.0,216764.4,227737.3,244303.6,210646.7,211580.2,218226.6,206348.2,204117.1,203080.0,230416.3,240505.6,256968.5,228226.1,230086.3,203598.1,215600.2,206360.9,228618.1,198137.2,217104.5,203621.2,224742.6,221332.0,222180.3,251387.0,203029.7,232694.3,230106.4,224392.1,237752.4,229622.9,245615.7,222959.2,216313.0,242322.4,235486.1,247042.6,224340.6,244949.3,213149.5,215492.6,223478.4,236222.4,215656.7,255611.8,233392.6,206698.6,201112.6,234369.1,202912.4,213202.8,245747.8,242948.6,226326.7,249691.8,212900.8,229620.8,263467.8,214409.3,205234.1,236201.9,226693.1,219442.5,222919.3,232606.5,243161.8,203450.3,226698.7,239033.9,243101.8,213247.9,217680.8,246473.0,218431.8,205685.8,228154.1,219452.4,201774.6,211737.9,207220.5,210815.4,221889.1,251192.3,227023.7,240367.6,212943.2,233635.6,230258.8,268778.5,237172.9,237551.4,217910.2,216759.2,229465.2,209090.3,238264.9,227482.7,261708.8
23:45:00,230623.1,214614.9,237871.3,213977.2,235991.2,215097.5,226358.9,215242.3,234153.9,225754.1,232150.3,238566.6,222523.3,244941.7,223920.2,230664.6,228543.4,243953.3,222796.9,224692.7,233152.7,232859.8,233838.2,231424.5,228515.4,220949.6,210896.1,227120.9,224971.4,214395.4,242303.1,217082.2,225833.5,210372.7,238514.4,233073.5,216452.8,230877.1,240498.9,234323.4,241651.0,226126.5,219473.5,226966.0,235392.8,228414.2,232732.3,224701.8,235166.3,234012.1,239315.6,230062.3,236161.0,243642.0,227386.2,211465.5,220423.2,243617.3,229436.2,240732.5,230247.9,234581.9,218010.6,223074.2,219469.4,232989.2,209748.8,217573.6,227340.8,227413.3,217323.6,227191.4,215604.3,220895.3,224200.5,228279.0,218306.0,221417.3,229727.6,220395.1,213710.9,223023.5,226450.8,223553.9,237375.6,229901.3,226398.6,240108.7,226412.2,237105.3,225399.6,222361.9,218270.5,240407.3,226436.6,249596.4,226233.3,230150.4,225434.9,220432.9
